条件,No,吸収率,成否
3積み,1,6,失敗
3積み,2,6,失敗
3積み,3,6,失敗
3積み,4,9,成功
3積み,5,6,失敗
3積み,6,6,失敗
3積み,7,9,成功
3積み,8,6,失敗
3積み,9,9,成功
3積み,10,6,失敗
3積み,11,6,失敗
3積み,12,6,失敗
3積み,13,6,失敗
3積み,14,9,成功
3積み,15,6,失敗
3積み,16,6,失敗
3積み,17,6,失敗
3積み,18,9,成功
3積み,19,6,失敗
3積み,20,6,失敗
3積み,21,9,成功
3積み,22,6,失敗
3積み,23,6,失敗
3積み,24,6,失敗
3積み,25,6,失敗
3積み,26,6,失敗
3積み,27,6,失敗
3積み,28,9,成功
3積み,29,6,失敗
3積み,30,6,失敗
3積み,31,6,失敗
3積み,32,6,失敗
3積み,33,9,成功
3積み,34,6,失敗
3積み,35,9,成功
3積み,36,6,失敗
3積み,37,9,成功
3積み,38,6,失敗
3積み,39,9,成功
3積み,40,6,失敗
3積み,41,6,失敗
3積み,42,6,失敗
3積み,43,6,失敗
3積み,44,6,失敗
3積み,45,6,失敗
3積み,46,6,失敗
3積み,47,9,成功
3積み,48,6,失敗
3積み,49,6,失敗
3積み,50,6,失敗
3積み,51,6,失敗
3積み,52,6,失敗
3積み,53,6,失敗
3積み,54,9,成功
3積み,55,9,成功
3積み,56,9,成功
3積み,57,6,失敗
3積み,58,9,成功
3積み,59,9,成功
3積み,60,6,失敗
3積み,61,6,失敗
3積み,62,6,失敗
3積み,63,9,成功
3積み,64,9,成功
3積み,65,9,成功
3積み,66,6,失敗
3積み,67,6,失敗
3積み,68,6,失敗
3積み,69,6,失敗
3積み,70,6,失敗
3積み,71,6,失敗
3積み,72,6,失敗
3積み,73,6,失敗
3積み,74,6,失敗
3積み,75,6,失敗
3積み,76,6,失敗
3積み,77,6,失敗
3積み,78,6,失敗
3積み,79,6,失敗
3積み,80,6,失敗
3積み,81,6,失敗
3積み,82,6,失敗
3積み,83,9,成功
3積み,84,6,失敗
3積み,85,9,成功
3積み,86,6,失敗
3積み,87,6,失敗
3積み,88,6,失敗
3積み,89,6,失敗
3積み,90,6,失敗
3積み,91,6,失敗
3積み,92,6,失敗
3積み,93,6,失敗
3積み,94,9,成功
3積み,95,6,失敗
3積み,96,6,失敗
3積み,97,6,失敗
3積み,98,6,失敗
3積み,99,6,失敗
3積み,100,6,失敗
3積み,101,6,失敗
3積み,102,6,失敗
3積み,103,6,失敗
3積み,104,9,成功
3積み,105,6,失敗
3積み,106,6,失敗
3積み,107,9,成功
3積み,108,6,失敗
3積み,109,6,失敗
3積み,110,6,失敗
3積み,111,6,失敗
3積み,112,6,失敗
3積み,113,6,失敗
3積み,114,6,失敗
3積み,115,9,成功
3積み,116,9,成功
3積み,117,6,失敗
3積み,118,6,失敗
3積み,119,9,成功
3積み,120,9,成功
3積み,121,6,失敗
3積み,122,6,失敗
3積み,123,6,失敗
3積み,124,9,成功
3積み,125,6,失敗
3積み,126,6,失敗
3積み,127,6,失敗
3積み,128,6,失敗
3積み,129,6,失敗
3積み,130,9,成功
3積み,131,6,失敗
3積み,132,9,成功
3積み,133,9,成功
3積み,134,6,失敗
3積み,135,6,失敗
3積み,136,6,失敗
3積み,137,6,失敗
3積み,138,6,失敗
3積み,139,9,成功
3積み,140,6,失敗
3積み,141,9,成功
3積み,142,6,失敗
3積み,143,6,失敗
3積み,144,6,失敗
3積み,145,6,失敗
3積み,146,6,失敗
3積み,147,6,失敗
3積み,148,6,失敗
3積み,149,6,失敗
3積み,150,6,失敗
3積み,151,6,失敗
3積み,152,9,成功
3積み,153,6,失敗
3積み,154,9,成功
3積み,155,9,成功
3積み,156,6,失敗
3積み,157,9,成功
3積み,158,9,成功
3積み,159,9,成功
3積み,160,6,失敗
3積み,161,9,成功
3積み,162,9,成功
3積み,163,6,失敗
3積み,164,9,成功
3積み,165,9,成功
3積み,166,6,失敗
3積み,167,6,失敗
3積み,168,6,失敗
3積み,169,9,成功
3積み,170,6,失敗
3積み,171,6,失敗
3積み,172,6,失敗
3積み,173,6,失敗
3積み,174,6,失敗
3積み,175,6,失敗
3積み,176,6,失敗
3積み,177,9,成功
3積み,178,6,失敗
3積み,179,6,失敗
3積み,180,6,失敗
3積み,181,6,失敗
3積み,182,9,成功
3積み,183,9,成功
3積み,184,6,失敗
3積み,185,6,失敗
3積み,186,6,失敗
3積み,187,6,失敗
3積み,188,9,成功
3積み,189,9,成功
3積み,190,9,成功
3積み,191,6,失敗
3積み,192,6,失敗
3積み,193,6,失敗
3積み,194,6,失敗
3積み,195,6,失敗
3積み,196,9,成功
3積み,197,6,失敗
3積み,198,6,失敗
3積み,199,6,失敗
3積み,200,6,失敗
3積み,201,9,成功
3積み,202,6,失敗
3積み,203,6,失敗
3積み,204,6,失敗
3積み,205,6,失敗
3積み,206,9,成功
3積み,207,6,失敗
3積み,208,6,失敗
3積み,209,9,成功
3積み,210,9,成功
3積み,211,9,成功
3積み,212,6,失敗
3積み,213,9,成功
3積み,214,6,失敗
3積み,215,6,失敗
3積み,216,6,失敗
3積み,217,6,失敗
3積み,218,9,成功
3積み,219,6,失敗
3積み,220,6,失敗
3積み,221,6,失敗
3積み,222,6,失敗
3積み,223,6,失敗
3積み,224,9,成功
3積み,225,6,失敗
3積み,226,6,失敗
3積み,227,6,失敗
3積み,228,6,失敗
3積み,229,6,失敗
3積み,230,6,失敗
3積み,231,6,失敗
3積み,232,6,失敗
3積み,233,6,失敗
3積み,234,6,失敗
3積み,235,6,失敗
3積み,236,6,失敗
3積み,237,9,成功
3積み,238,6,失敗
3積み,239,9,成功
3積み,240,6,失敗
3積み,241,6,失敗
3積み,242,6,失敗
3積み,243,9,成功
3積み,244,6,失敗
3積み,245,6,失敗
3積み,246,9,成功
3積み,247,9,成功
3積み,248,6,失敗
3積み,249,6,失敗
3積み,250,6,失敗
3積み,251,6,失敗
3積み,252,6,失敗
3積み,253,6,失敗
3積み,254,6,失敗
3積み,255,6,失敗
3積み,256,6,失敗
3積み,257,6,失敗
3積み,258,9,成功
3積み,259,6,失敗
3積み,260,6,失敗
3積み,261,9,成功
3積み,262,9,成功
3積み,263,6,失敗
3積み,264,9,成功
3積み,265,6,失敗
3積み,266,6,失敗
3積み,267,6,失敗
3積み,268,6,失敗
3積み,269,9,成功
3積み,270,6,失敗
3積み,271,6,失敗
3積み,272,9,成功
3積み,273,9,成功
3積み,274,6,失敗
3積み,275,9,成功
3積み,276,6,失敗
3積み,277,6,失敗
3積み,278,6,失敗
3積み,279,6,失敗
3積み,280,6,失敗
3積み,281,6,失敗
3積み,282,6,失敗
3積み,283,6,失敗
3積み,284,6,失敗
3積み,285,6,失敗
3積み,286,9,成功
3積み,287,9,成功
3積み,288,6,失敗
3積み,289,9,成功
3積み,290,6,失敗
3積み,291,6,失敗
3積み,292,6,失敗
3積み,293,9,成功
3積み,294,6,失敗
3積み,295,6,失敗
3積み,296,6,失敗
3積み,297,6,失敗
3積み,298,6,失敗
3積み,299,6,失敗
3積み,300,9,成功
3積み,301,6,失敗
3積み,302,6,失敗
3積み,303,6,失敗
3積み,304,6,失敗
3積み,305,6,失敗
3積み,306,9,成功
3積み,307,6,失敗
3積み,308,9,成功
3積み,309,6,失敗
3積み,310,6,失敗
3積み,311,6,失敗
3積み,312,6,失敗
3積み,313,6,失敗
3積み,314,6,失敗
3積み,315,6,失敗
3積み,316,6,失敗
3積み,317,6,失敗
3積み,318,6,失敗
3積み,319,6,失敗
3積み,320,6,失敗
3積み,321,6,失敗
3積み,322,6,失敗
3積み,323,6,失敗
3積み,324,6,失敗
3積み,325,6,失敗
3積み,326,6,失敗
3積み,327,9,成功
3積み,328,6,失敗
3積み,329,6,失敗
3積み,330,9,成功
3積み,331,6,失敗
3積み,332,6,失敗
3積み,333,6,失敗
3積み,334,6,失敗
3積み,335,9,成功
3積み,336,6,失敗
3積み,337,6,失敗
3積み,338,9,成功
3積み,339,6,失敗
3積み,340,6,失敗
3積み,341,6,失敗
3積み,342,9,成功
3積み,343,6,失敗
3積み,344,6,失敗
3積み,345,6,失敗
3積み,346,9,成功
3積み,347,6,失敗
3積み,348,6,失敗
3積み,349,6,失敗
3積み,350,6,失敗
3積み,351,9,成功
3積み,352,6,失敗
3積み,353,6,失敗
3積み,354,6,失敗
3積み,355,9,成功
3積み,356,6,失敗
3積み,357,6,失敗
3積み,358,9,成功
3積み,359,6,失敗
3積み,360,9,成功
3積み,361,6,失敗
3積み,362,6,失敗
3積み,363,6,失敗
3積み,364,6,失敗
3積み,365,9,成功
3積み,366,6,失敗
3積み,367,6,失敗
3積み,368,6,失敗
3積み,369,9,成功
3積み,370,6,失敗
3積み,371,6,失敗
3積み,372,6,失敗
3積み,373,6,失敗
3積み,374,9,成功
3積み,375,6,失敗
3積み,376,6,失敗
3積み,377,6,失敗
3積み,378,6,失敗
3積み,379,6,失敗
3積み,380,6,失敗
3積み,381,6,失敗
3積み,382,6,失敗
3積み,383,6,失敗
3積み,384,6,失敗
3積み,385,6,失敗
3積み,386,6,失敗
3積み,387,6,失敗
3積み,388,9,成功
3積み,389,6,失敗
3積み,390,9,成功
3積み,391,6,失敗
3積み,392,6,失敗
3積み,393,9,成功
3積み,394,9,成功
3積み,395,9,成功
3積み,396,6,失敗
3積み,397,6,失敗
3積み,398,6,失敗
3積み,399,9,成功
3積み,400,9,成功
3積み,401,6,失敗
3積み,402,6,失敗
3積み,403,6,失敗
3積み,404,6,失敗
3積み,405,9,成功
3積み,406,9,成功
3積み,407,6,失敗
3積み,408,9,成功
3積み,409,6,失敗
3積み,410,9,成功
3積み,411,6,失敗
3積み,412,6,失敗
3積み,413,6,失敗
3積み,414,9,成功
3積み,415,6,失敗
3積み,416,6,失敗
3積み,417,6,失敗
3積み,418,9,成功
3積み,419,6,失敗
3積み,420,9,成功
3積み,421,6,失敗
3積み,422,9,成功
3積み,423,6,失敗
3積み,424,6,失敗
3積み,425,9,成功
3積み,426,6,失敗
3積み,427,6,失敗
3積み,428,6,失敗
3積み,429,6,失敗
3積み,430,9,成功
3積み,431,9,成功
3積み,432,6,失敗
3積み,433,6,失敗
3積み,434,6,失敗
3積み,435,6,失敗
3積み,436,9,成功
3積み,437,6,失敗
3積み,438,6,失敗
3積み,439,6,失敗
3積み,440,6,失敗
3積み,441,6,失敗
3積み,442,6,失敗
3積み,443,6,失敗
3積み,444,6,失敗
3積み,445,6,失敗
3積み,446,6,失敗
3積み,447,6,失敗
3積み,448,9,成功
3積み,449,6,失敗
3積み,450,9,成功
3積み,451,6,失敗
3積み,452,6,失敗
3積み,453,6,失敗
3積み,454,6,失敗
3積み,455,9,成功
3積み,456,6,失敗
3積み,457,6,失敗
3積み,458,6,失敗
3積み,459,6,失敗
3積み,460,6,失敗
3積み,461,6,失敗
3積み,462,6,失敗
3積み,463,6,失敗
3積み,464,6,失敗
3積み,465,6,失敗
3積み,466,6,失敗
3積み,467,6,失敗
3積み,468,6,失敗
3積み,469,9,成功
3積み,470,6,失敗
3積み,471,6,失敗
3積み,472,6,失敗
3積み,473,6,失敗
3積み,474,6,失敗
3積み,475,6,失敗
3積み,476,6,失敗
3積み,477,6,失敗
3積み,478,6,失敗
3積み,479,6,失敗
3積み,480,6,失敗
3積み,481,9,成功
3積み,482,6,失敗
3積み,483,6,失敗
3積み,484,6,失敗
3積み,485,6,失敗
3積み,486,6,失敗
3積み,487,6,失敗
3積み,488,6,失敗
3積み,489,6,失敗
3積み,490,9,成功
3積み,491,6,失敗
3積み,492,6,失敗
3積み,493,6,失敗
3積み,494,6,失敗
3積み,495,9,成功
3積み,496,6,失敗
3積み,497,6,失敗
3積み,498,9,成功
3積み,499,6,失敗
3積み,500,6,失敗
3積み,501,6,失敗
3積み,502,6,失敗
3積み,503,9,成功
3積み,504,6,失敗
3積み,505,6,失敗
3積み,506,6,失敗
3積み,507,9,成功
3積み,508,6,失敗
3積み,509,6,失敗
3積み,510,9,成功
3積み,511,9,成功
3積み,512,9,成功
3積み,513,6,失敗
3積み,514,9,成功
3積み,515,6,失敗
3積み,516,6,失敗
3積み,517,6,失敗
3積み,518,6,失敗
3積み,519,6,失敗
3積み,520,9,成功
3積み,521,6,失敗
3積み,522,6,失敗
3積み,523,6,失敗
3積み,524,6,失敗
3積み,525,9,成功
3積み,526,6,失敗
3積み,527,6,失敗
3積み,528,6,失敗
3積み,529,9,成功
3積み,530,9,成功
3積み,531,6,失敗
3積み,532,6,失敗
3積み,533,6,失敗
3積み,534,9,成功
3積み,535,6,失敗
3積み,536,6,失敗
3積み,537,6,失敗
3積み,538,6,失敗
3積み,539,9,成功
3積み,540,6,失敗
3積み,541,6,失敗
3積み,542,9,成功
3積み,543,6,失敗
3積み,544,9,成功
3積み,545,6,失敗
3積み,546,6,失敗
3積み,547,6,失敗
3積み,548,6,失敗
3積み,549,6,失敗
3積み,550,9,成功
3積み,551,6,失敗
3積み,552,6,失敗
3積み,553,6,失敗
3積み,554,6,失敗
3積み,555,6,失敗
3積み,556,6,失敗
3積み,557,9,成功
3積み,558,9,成功
3積み,559,6,失敗
3積み,560,6,失敗
3積み,561,6,失敗
3積み,562,6,失敗
3積み,563,6,失敗
3積み,564,6,失敗
3積み,565,9,成功
3積み,566,9,成功
3積み,567,6,失敗
3積み,568,6,失敗
3積み,569,9,成功
3積み,570,6,失敗
3積み,571,6,失敗
3積み,572,6,失敗
3積み,573,9,成功
3積み,574,6,失敗
3積み,575,6,失敗
3積み,576,6,失敗
3積み,577,9,成功
3積み,578,9,成功
3積み,579,6,失敗
3積み,580,6,失敗
3積み,581,9,成功
3積み,582,6,失敗
3積み,583,6,失敗
3積み,584,6,失敗
3積み,585,9,成功
3積み,586,9,成功
3積み,587,6,失敗
3積み,588,6,失敗
3積み,589,6,失敗
3積み,590,9,成功
3積み,591,6,失敗
3積み,592,9,成功
3積み,593,9,成功
3積み,594,6,失敗
3積み,595,9,成功
3積み,596,6,失敗
3積み,597,6,失敗
3積み,598,6,失敗
3積み,599,9,成功
3積み,600,6,失敗
3積み,601,6,失敗
3積み,602,6,失敗
3積み,603,9,成功
3積み,604,6,失敗
3積み,605,6,失敗
3積み,606,6,失敗
3積み,607,9,成功
3積み,608,6,失敗
3積み,609,6,失敗
3積み,610,6,失敗
3積み,611,6,失敗
3積み,612,6,失敗
3積み,613,6,失敗
3積み,614,6,失敗
3積み,615,6,失敗
3積み,616,9,成功
3積み,617,6,失敗
3積み,618,6,失敗
3積み,619,9,成功
3積み,620,6,失敗
3積み,621,6,失敗
3積み,622,9,成功
3積み,623,6,失敗
3積み,624,6,失敗
3積み,625,6,失敗
3積み,626,6,失敗
3積み,627,6,失敗
3積み,628,6,失敗
3積み,629,6,失敗
3積み,630,9,成功
3積み,631,9,成功
3積み,632,6,失敗
3積み,633,6,失敗
3積み,634,9,成功
3積み,635,6,失敗
3積み,636,6,失敗
3積み,637,6,失敗
3積み,638,9,成功
3積み,639,6,失敗
3積み,640,9,成功
3積み,641,9,成功
3積み,642,6,失敗
3積み,643,6,失敗
3積み,644,6,失敗
3積み,645,6,失敗
3積み,646,6,失敗
3積み,647,6,失敗
3積み,648,9,成功
3積み,649,6,失敗
3積み,650,6,失敗
3積み,651,6,失敗
3積み,652,6,失敗
3積み,653,6,失敗
3積み,654,6,失敗
3積み,655,6,失敗
3積み,656,9,成功
3積み,657,9,成功
3積み,658,6,失敗
3積み,659,6,失敗
3積み,660,9,成功
3積み,661,6,失敗
3積み,662,6,失敗
3積み,663,6,失敗
3積み,664,6,失敗
3積み,665,6,失敗
3積み,666,6,失敗
3積み,667,6,失敗
3積み,668,6,失敗
3積み,669,6,失敗
3積み,670,6,失敗
3積み,671,9,成功
3積み,672,6,失敗
3積み,673,6,失敗
3積み,674,6,失敗
3積み,675,6,失敗
3積み,676,6,失敗
3積み,677,6,失敗
3積み,678,6,失敗
3積み,679,9,成功
3積み,680,6,失敗
3積み,681,6,失敗
3積み,682,6,失敗
3積み,683,6,失敗
3積み,684,6,失敗
3積み,685,6,失敗
3積み,686,9,成功
3積み,687,6,失敗
3積み,688,6,失敗
3積み,689,6,失敗
3積み,690,6,失敗
3積み,691,6,失敗
3積み,692,6,失敗
3積み,693,6,失敗
3積み,694,6,失敗
3積み,695,6,失敗
3積み,696,6,失敗
3積み,697,9,成功
3積み,698,6,失敗
3積み,699,6,失敗
3積み,700,6,失敗
3積み,701,9,成功
3積み,702,6,失敗
3積み,703,6,失敗
3積み,704,6,失敗
3積み,705,6,失敗
3積み,706,6,失敗
3積み,707,9,成功
3積み,708,6,失敗
3積み,709,6,失敗
3積み,710,6,失敗
3積み,711,6,失敗
3積み,712,9,成功
3積み,713,6,失敗
3積み,714,6,失敗
3積み,715,6,失敗
3積み,716,9,成功
3積み,717,6,失敗
3積み,718,6,失敗
3積み,719,6,失敗
3積み,720,6,失敗
3積み,721,6,失敗
3積み,722,6,失敗
3積み,723,6,失敗
3積み,724,9,成功
3積み,725,6,失敗
3積み,726,6,失敗
3積み,727,6,失敗
3積み,728,9,成功
3積み,729,6,失敗
3積み,730,9,成功
3積み,731,6,失敗
3積み,732,6,失敗
3積み,733,6,失敗
3積み,734,6,失敗
3積み,735,6,失敗
3積み,736,6,失敗
3積み,737,6,失敗
3積み,738,9,成功
3積み,739,6,失敗
3積み,740,6,失敗
3積み,741,6,失敗
3積み,742,6,失敗
3積み,743,6,失敗
3積み,744,9,成功
3積み,745,9,成功
3積み,746,6,失敗
3積み,747,9,成功
3積み,748,6,失敗
3積み,749,6,失敗
3積み,750,6,失敗
3積み,751,6,失敗
3積み,752,6,失敗
3積み,753,9,成功
3積み,754,9,成功
3積み,755,6,失敗
3積み,756,6,失敗
3積み,757,6,失敗
3積み,758,6,失敗
3積み,759,6,失敗
3積み,760,6,失敗
3積み,761,6,失敗
3積み,762,6,失敗
3積み,763,6,失敗
3積み,764,6,失敗
3積み,765,6,失敗
3積み,766,9,成功
3積み,767,6,失敗
3積み,768,9,成功
3積み,769,6,失敗
3積み,770,6,失敗
3積み,771,6,失敗
3積み,772,9,成功
3積み,773,6,失敗
3積み,774,6,失敗
3積み,775,6,失敗
3積み,776,6,失敗
3積み,777,6,失敗
3積み,778,6,失敗
3積み,779,6,失敗
3積み,780,6,失敗
3積み,781,6,失敗
3積み,782,9,成功
3積み,783,6,失敗
3積み,784,9,成功
3積み,785,6,失敗
3積み,786,6,失敗
3積み,787,6,失敗
3積み,788,6,失敗
3積み,789,6,失敗
3積み,790,9,成功
3積み,791,6,失敗
3積み,792,6,失敗
3積み,793,6,失敗
3積み,794,6,失敗
3積み,795,9,成功
3積み,796,6,失敗
3積み,797,6,失敗
3積み,798,9,成功
3積み,799,6,失敗
3積み,800,9,成功
3積み,801,6,失敗
3積み,802,6,失敗
3積み,803,9,成功
3積み,804,9,成功
3積み,805,9,成功
3積み,806,6,失敗
3積み,807,6,失敗
3積み,808,6,失敗
3積み,809,6,失敗
3積み,810,6,失敗
3積み,811,9,成功
3積み,812,6,失敗
3積み,813,6,失敗
3積み,814,6,失敗
3積み,815,6,失敗
3積み,816,9,成功
3積み,817,9,成功
3積み,818,6,失敗
3積み,819,6,失敗
3積み,820,6,失敗
3積み,821,6,失敗
3積み,822,6,失敗
3積み,823,6,失敗
3積み,824,9,成功
3積み,825,6,失敗
3積み,826,6,失敗
3積み,827,6,失敗
3積み,828,6,失敗
3積み,829,6,失敗
3積み,830,6,失敗
3積み,831,9,成功
3積み,832,9,成功
3積み,833,9,成功
3積み,834,6,失敗
3積み,835,6,失敗
3積み,836,6,失敗
3積み,837,6,失敗
3積み,838,6,失敗
3積み,839,6,失敗
3積み,840,9,成功
3積み,841,9,成功
3積み,842,9,成功
3積み,843,6,失敗
3積み,844,6,失敗
3積み,845,6,失敗
3積み,846,6,失敗
3積み,847,9,成功
3積み,848,9,成功
3積み,849,6,失敗
3積み,850,6,失敗
3積み,851,6,失敗
3積み,852,9,成功
3積み,853,6,失敗
3積み,854,6,失敗
3積み,855,6,失敗
3積み,856,6,失敗
3積み,857,6,失敗
3積み,858,6,失敗
3積み,859,6,失敗
3積み,860,6,失敗
3積み,861,6,失敗
3積み,862,6,失敗
3積み,863,9,成功
3積み,864,9,成功
3積み,865,6,失敗
3積み,866,9,成功
3積み,867,9,成功
3積み,868,6,失敗
3積み,869,6,失敗
3積み,870,6,失敗
3積み,871,6,失敗
3積み,872,6,失敗
3積み,873,9,成功
3積み,874,6,失敗
3積み,875,9,成功
3積み,876,9,成功
3積み,877,6,失敗
3積み,878,6,失敗
3積み,879,6,失敗
3積み,880,6,失敗
3積み,881,6,失敗
3積み,882,9,成功
3積み,883,6,失敗
3積み,884,6,失敗
3積み,885,6,失敗
3積み,886,6,失敗
3積み,887,6,失敗
3積み,888,6,失敗
3積み,889,9,成功
3積み,890,6,失敗
3積み,891,9,成功
3積み,892,6,失敗
3積み,893,6,失敗
3積み,894,6,失敗
3積み,895,9,成功
3積み,896,9,成功
3積み,897,9,成功
3積み,898,6,失敗
3積み,899,9,成功
3積み,900,6,失敗
3積み,901,6,失敗
3積み,902,9,成功
3積み,903,6,失敗
3積み,904,9,成功
3積み,905,6,失敗
3積み,906,6,失敗
3積み,907,6,失敗
3積み,908,6,失敗
3積み,909,6,失敗
3積み,910,6,失敗
3積み,911,6,失敗
3積み,912,9,成功
3積み,913,9,成功
3積み,914,9,成功
3積み,915,9,成功
3積み,916,6,失敗
3積み,917,6,失敗
3積み,918,6,失敗
3積み,919,6,失敗
3積み,920,6,失敗
3積み,921,6,失敗
3積み,922,6,失敗
3積み,923,6,失敗
3積み,924,6,失敗
3積み,925,6,失敗
3積み,926,6,失敗
3積み,927,6,失敗
3積み,928,6,失敗
3積み,929,6,失敗
3積み,930,6,失敗
3積み,931,6,失敗
3積み,932,6,失敗
3積み,933,9,成功
3積み,934,6,失敗
3積み,935,6,失敗
3積み,936,6,失敗
3積み,937,6,失敗
3積み,938,9,成功
3積み,939,9,成功
3積み,940,6,失敗
3積み,941,6,失敗
3積み,942,6,失敗
3積み,943,6,失敗
3積み,944,6,失敗
3積み,945,6,失敗
3積み,946,6,失敗
3積み,947,9,成功
3積み,948,9,成功
3積み,949,6,失敗
3積み,950,6,失敗
3積み,951,9,成功
3積み,952,6,失敗
3積み,953,6,失敗
3積み,954,9,成功
3積み,955,6,失敗
3積み,956,6,失敗
3積み,957,6,失敗
3積み,958,6,失敗
3積み,959,6,失敗
3積み,960,9,成功
3積み,961,9,成功
3積み,962,6,失敗
3積み,963,6,失敗
3積み,964,9,成功
3積み,965,9,成功
3積み,966,9,成功
3積み,967,6,失敗
3積み,968,9,成功
3積み,969,6,失敗
3積み,970,6,失敗
3積み,971,6,失敗
3積み,972,9,成功
3積み,973,6,失敗
3積み,974,6,失敗
3積み,975,6,失敗
3積み,976,6,失敗
3積み,977,6,失敗
3積み,978,6,失敗
3積み,979,6,失敗
3積み,980,6,失敗
3積み,981,6,失敗
3積み,982,6,失敗
3積み,983,6,失敗
3積み,984,6,失敗
3積み,985,6,失敗
3積み,986,9,成功
3積み,987,9,成功
3積み,988,6,失敗
3積み,989,9,成功
3積み,990,6,失敗
3積み,991,9,成功
3積み,992,6,失敗
3積み,993,6,失敗
3積み,994,9,成功
3積み,995,6,失敗
3積み,996,9,成功
3積み,997,6,失敗
3積み,998,6,失敗
3積み,999,9,成功
3積み,1000,6,失敗
4積み,1,9,成功
4積み,2,6,失敗
4積み,3,9,成功
4積み,4,6,失敗
4積み,5,9,成功
4積み,6,6,失敗
4積み,7,6,失敗
4積み,8,9,成功
4積み,9,9,成功
4積み,10,6,失敗
4積み,11,6,失敗
4積み,12,6,失敗
4積み,13,6,失敗
4積み,14,9,成功
4積み,15,9,成功
4積み,16,6,失敗
4積み,17,6,失敗
4積み,18,9,成功
4積み,19,6,失敗
4積み,20,6,失敗
4積み,21,6,失敗
4積み,22,6,失敗
4積み,23,9,成功
4積み,24,9,成功
4積み,25,6,失敗
4積み,26,9,成功
4積み,27,6,失敗
4積み,28,6,失敗
4積み,29,6,失敗
4積み,30,9,成功
4積み,31,6,失敗
4積み,32,9,成功
4積み,33,6,失敗
4積み,34,6,失敗
4積み,35,9,成功
4積み,36,9,成功
4積み,37,6,失敗
4積み,38,6,失敗
4積み,39,6,失敗
4積み,40,9,成功
4積み,41,6,失敗
4積み,42,6,失敗
4積み,43,6,失敗
4積み,44,6,失敗
4積み,45,9,成功
4積み,46,6,失敗
4積み,47,6,失敗
4積み,48,9,成功
4積み,49,9,成功
4積み,50,9,成功
4積み,51,6,失敗
4積み,52,6,失敗
4積み,53,6,失敗
4積み,54,9,成功
4積み,55,6,失敗
4積み,56,6,失敗
4積み,57,9,成功
4積み,58,6,失敗
4積み,59,6,失敗
4積み,60,9,成功
4積み,61,9,成功
4積み,62,9,成功
4積み,63,9,成功
4積み,64,6,失敗
4積み,65,6,失敗
4積み,66,6,失敗
4積み,67,6,失敗
4積み,68,6,失敗
4積み,69,9,成功
4積み,70,6,失敗
4積み,71,6,失敗
4積み,72,6,失敗
4積み,73,6,失敗
4積み,74,6,失敗
4積み,75,9,成功
4積み,76,6,失敗
4積み,77,6,失敗
4積み,78,6,失敗
4積み,79,6,失敗
4積み,80,6,失敗
4積み,81,6,失敗
4積み,82,9,成功
4積み,83,9,成功
4積み,84,9,成功
4積み,85,6,失敗
4積み,86,6,失敗
4積み,87,6,失敗
4積み,88,6,失敗
4積み,89,6,失敗
4積み,90,6,失敗
4積み,91,9,成功
4積み,92,6,失敗
4積み,93,9,成功
4積み,94,6,失敗
4積み,95,6,失敗
4積み,96,9,成功
4積み,97,9,成功
4積み,98,9,成功
4積み,99,6,失敗
4積み,100,6,失敗
4積み,101,6,失敗
4積み,102,9,成功
4積み,103,6,失敗
4積み,104,9,成功
4積み,105,9,成功
4積み,106,9,成功
4積み,107,6,失敗
4積み,108,6,失敗
4積み,109,6,失敗
4積み,110,9,成功
4積み,111,9,成功
4積み,112,6,失敗
4積み,113,6,失敗
4積み,114,6,失敗
4積み,115,6,失敗
4積み,116,6,失敗
4積み,117,9,成功
4積み,118,6,失敗
4積み,119,6,失敗
4積み,120,9,成功
4積み,121,6,失敗
4積み,122,6,失敗
4積み,123,6,失敗
4積み,124,9,成功
4積み,125,9,成功
4積み,126,6,失敗
4積み,127,6,失敗
4積み,128,6,失敗
4積み,129,9,成功
4積み,130,9,成功
4積み,131,6,失敗
4積み,132,6,失敗
4積み,133,9,成功
4積み,134,6,失敗
4積み,135,6,失敗
4積み,136,6,失敗
4積み,137,9,成功
4積み,138,6,失敗
4積み,139,6,失敗
4積み,140,6,失敗
4積み,141,6,失敗
4積み,142,6,失敗
4積み,143,6,失敗
4積み,144,6,失敗
4積み,145,9,成功
4積み,146,9,成功
4積み,147,6,失敗
4積み,148,6,失敗
4積み,149,6,失敗
4積み,150,9,成功
4積み,151,9,成功
4積み,152,6,失敗
4積み,153,6,失敗
4積み,154,6,失敗
4積み,155,6,失敗
4積み,156,9,成功
4積み,157,9,成功
4積み,158,6,失敗
4積み,159,6,失敗
4積み,160,9,成功
4積み,161,6,失敗
4積み,162,9,成功
4積み,163,6,失敗
4積み,164,6,失敗
4積み,165,9,成功
4積み,166,9,成功
4積み,167,6,失敗
4積み,168,6,失敗
4積み,169,6,失敗
4積み,170,6,失敗
4積み,171,9,成功
4積み,172,6,失敗
4積み,173,6,失敗
4積み,174,6,失敗
4積み,175,6,失敗
4積み,176,9,成功
4積み,177,9,成功
4積み,178,6,失敗
4積み,179,6,失敗
4積み,180,9,成功
4積み,181,9,成功
4積み,182,6,失敗
4積み,183,9,成功
4積み,184,6,失敗
4積み,185,9,成功
4積み,186,9,成功
4積み,187,9,成功
4積み,188,9,成功
4積み,189,6,失敗
4積み,190,6,失敗
4積み,191,6,失敗
4積み,192,9,成功
4積み,193,6,失敗
4積み,194,9,成功
4積み,195,9,成功
4積み,196,6,失敗
4積み,197,9,成功
4積み,198,6,失敗
4積み,199,9,成功
4積み,200,6,失敗
4積み,201,9,成功
4積み,202,6,失敗
4積み,203,6,失敗
4積み,204,6,失敗
4積み,205,6,失敗
4積み,206,9,成功
4積み,207,6,失敗
4積み,208,9,成功
4積み,209,6,失敗
4積み,210,6,失敗
4積み,211,6,失敗
4積み,212,6,失敗
4積み,213,6,失敗
4積み,214,9,成功
4積み,215,6,失敗
4積み,216,9,成功
4積み,217,9,成功
4積み,218,6,失敗
4積み,219,6,失敗
4積み,220,9,成功
4積み,221,6,失敗
4積み,222,6,失敗
4積み,223,9,成功
4積み,224,9,成功
4積み,225,9,成功
4積み,226,9,成功
4積み,227,6,失敗
4積み,228,9,成功
4積み,229,9,成功
4積み,230,6,失敗
4積み,231,6,失敗
4積み,232,6,失敗
4積み,233,9,成功
4積み,234,6,失敗
4積み,235,9,成功
4積み,236,6,失敗
4積み,237,6,失敗
4積み,238,6,失敗
4積み,239,6,失敗
4積み,240,9,成功
4積み,241,6,失敗
4積み,242,9,成功
4積み,243,6,失敗
4積み,244,9,成功
4積み,245,6,失敗
4積み,246,6,失敗
4積み,247,6,失敗
4積み,248,6,失敗
4積み,249,6,失敗
4積み,250,9,成功
4積み,251,6,失敗
4積み,252,6,失敗
4積み,253,6,失敗
4積み,254,6,失敗
4積み,255,6,失敗
4積み,256,9,成功
4積み,257,6,失敗
4積み,258,6,失敗
4積み,259,6,失敗
4積み,260,9,成功
4積み,261,9,成功
4積み,262,6,失敗
4積み,263,6,失敗
4積み,264,9,成功
4積み,265,9,成功
4積み,266,6,失敗
4積み,267,9,成功
4積み,268,6,失敗
4積み,269,6,失敗
4積み,270,6,失敗
4積み,271,9,成功
4積み,272,6,失敗
4積み,273,6,失敗
4積み,274,6,失敗
4積み,275,6,失敗
4積み,276,6,失敗
4積み,277,6,失敗
4積み,278,6,失敗
4積み,279,6,失敗
4積み,280,9,成功
4積み,281,9,成功
4積み,282,9,成功
4積み,283,6,失敗
4積み,284,6,失敗
4積み,285,6,失敗
4積み,286,6,失敗
4積み,287,9,成功
4積み,288,6,失敗
4積み,289,9,成功
4積み,290,6,失敗
4積み,291,9,成功
4積み,292,9,成功
4積み,293,6,失敗
4積み,294,9,成功
4積み,295,6,失敗
4積み,296,9,成功
4積み,297,6,失敗
4積み,298,9,成功
4積み,299,6,失敗
4積み,300,9,成功
4積み,301,9,成功
4積み,302,9,成功
4積み,303,9,成功
4積み,304,6,失敗
4積み,305,6,失敗
4積み,306,6,失敗
4積み,307,9,成功
4積み,308,6,失敗
4積み,309,6,失敗
4積み,310,9,成功
4積み,311,9,成功
4積み,312,9,成功
4積み,313,9,成功
4積み,314,6,失敗
4積み,315,9,成功
4積み,316,6,失敗
4積み,317,6,失敗
4積み,318,9,成功
4積み,319,9,成功
4積み,320,9,成功
4積み,321,9,成功
4積み,322,9,成功
4積み,323,9,成功
4積み,324,9,成功
4積み,325,9,成功
4積み,326,6,失敗
4積み,327,9,成功
4積み,328,9,成功
4積み,329,6,失敗
4積み,330,6,失敗
4積み,331,6,失敗
4積み,332,6,失敗
4積み,333,6,失敗
4積み,334,6,失敗
4積み,335,9,成功
4積み,336,9,成功
4積み,337,6,失敗
4積み,338,9,成功
4積み,339,6,失敗
4積み,340,6,失敗
4積み,341,6,失敗
4積み,342,6,失敗
4積み,343,9,成功
4積み,344,6,失敗
4積み,345,9,成功
4積み,346,6,失敗
4積み,347,6,失敗
4積み,348,9,成功
4積み,349,9,成功
4積み,350,9,成功
4積み,351,6,失敗
4積み,352,6,失敗
4積み,353,6,失敗
4積み,354,6,失敗
4積み,355,9,成功
4積み,356,6,失敗
4積み,357,6,失敗
4積み,358,6,失敗
4積み,359,9,成功
4積み,360,9,成功
4積み,361,6,失敗
4積み,362,6,失敗
4積み,363,6,失敗
4積み,364,9,成功
4積み,365,9,成功
4積み,366,9,成功
4積み,367,9,成功
4積み,368,6,失敗
4積み,369,6,失敗
4積み,370,9,成功
4積み,371,9,成功
4積み,372,6,失敗
4積み,373,6,失敗
4積み,374,6,失敗
4積み,375,6,失敗
4積み,376,6,失敗
4積み,377,6,失敗
4積み,378,6,失敗
4積み,379,6,失敗
4積み,380,6,失敗
4積み,381,9,成功
4積み,382,6,失敗
4積み,383,6,失敗
4積み,384,6,失敗
4積み,385,9,成功
4積み,386,9,成功
4積み,387,9,成功
4積み,388,6,失敗
4積み,389,6,失敗
4積み,390,9,成功
4積み,391,9,成功
4積み,392,9,成功
4積み,393,6,失敗
4積み,394,6,失敗
4積み,395,9,成功
4積み,396,9,成功
4積み,397,6,失敗
4積み,398,9,成功
4積み,399,6,失敗
4積み,400,6,失敗
4積み,401,6,失敗
4積み,402,6,失敗
4積み,403,6,失敗
4積み,404,6,失敗
4積み,405,6,失敗
4積み,406,9,成功
4積み,407,9,成功
4積み,408,6,失敗
4積み,409,9,成功
4積み,410,9,成功
4積み,411,9,成功
4積み,412,6,失敗
4積み,413,6,失敗
4積み,414,6,失敗
4積み,415,9,成功
4積み,416,9,成功
4積み,417,9,成功
4積み,418,6,失敗
4積み,419,9,成功
4積み,420,6,失敗
4積み,421,9,成功
4積み,422,9,成功
4積み,423,9,成功
4積み,424,6,失敗
4積み,425,6,失敗
4積み,426,6,失敗
4積み,427,6,失敗
4積み,428,6,失敗
4積み,429,6,失敗
4積み,430,6,失敗
4積み,431,9,成功
4積み,432,6,失敗
4積み,433,9,成功
4積み,434,6,失敗
4積み,435,6,失敗
4積み,436,6,失敗
4積み,437,9,成功
4積み,438,9,成功
4積み,439,6,失敗
4積み,440,6,失敗
4積み,441,9,成功
4積み,442,9,成功
4積み,443,6,失敗
4積み,444,9,成功
4積み,445,6,失敗
4積み,446,6,失敗
4積み,447,9,成功
4積み,448,9,成功
4積み,449,9,成功
4積み,450,6,失敗
4積み,451,9,成功
4積み,452,6,失敗
4積み,453,6,失敗
4積み,454,6,失敗
4積み,455,6,失敗
4積み,456,6,失敗
4積み,457,6,失敗
4積み,458,6,失敗
4積み,459,6,失敗
4積み,460,6,失敗
4積み,461,6,失敗
4積み,462,6,失敗
4積み,463,9,成功
4積み,464,6,失敗
4積み,465,6,失敗
4積み,466,6,失敗
4積み,467,6,失敗
4積み,468,9,成功
4積み,469,6,失敗
4積み,470,6,失敗
4積み,471,6,失敗
4積み,472,9,成功
4積み,473,6,失敗
4積み,474,6,失敗
4積み,475,6,失敗
4積み,476,6,失敗
4積み,477,6,失敗
4積み,478,9,成功
4積み,479,6,失敗
4積み,480,6,失敗
4積み,481,6,失敗
4積み,482,6,失敗
4積み,483,6,失敗
4積み,484,9,成功
4積み,485,6,失敗
4積み,486,6,失敗
4積み,487,9,成功
4積み,488,9,成功
4積み,489,6,失敗
4積み,490,6,失敗
4積み,491,9,成功
4積み,492,6,失敗
4積み,493,9,成功
4積み,494,9,成功
4積み,495,6,失敗
4積み,496,6,失敗
4積み,497,6,失敗
4積み,498,6,失敗
4積み,499,6,失敗
4積み,500,6,失敗
4積み,501,9,成功
4積み,502,9,成功
4積み,503,9,成功
4積み,504,6,失敗
4積み,505,6,失敗
4積み,506,6,失敗
4積み,507,6,失敗
4積み,508,9,成功
4積み,509,9,成功
4積み,510,6,失敗
4積み,511,6,失敗
4積み,512,6,失敗
4積み,513,9,成功
4積み,514,6,失敗
4積み,515,6,失敗
4積み,516,6,失敗
4積み,517,6,失敗
4積み,518,9,成功
4積み,519,9,成功
4積み,520,6,失敗
4積み,521,6,失敗
4積み,522,6,失敗
4積み,523,9,成功
4積み,524,6,失敗
4積み,525,6,失敗
4積み,526,6,失敗
4積み,527,6,失敗
4積み,528,6,失敗
4積み,529,6,失敗
4積み,530,6,失敗
4積み,531,6,失敗
4積み,532,9,成功
4積み,533,6,失敗
4積み,534,6,失敗
4積み,535,6,失敗
4積み,536,9,成功
4積み,537,6,失敗
4積み,538,6,失敗
4積み,539,6,失敗
4積み,540,9,成功
4積み,541,6,失敗
4積み,542,9,成功
4積み,543,9,成功
4積み,544,6,失敗
4積み,545,6,失敗
4積み,546,6,失敗
4積み,547,6,失敗
4積み,548,9,成功
4積み,549,6,失敗
4積み,550,9,成功
4積み,551,9,成功
4積み,552,9,成功
4積み,553,6,失敗
4積み,554,6,失敗
4積み,555,6,失敗
4積み,556,9,成功
4積み,557,9,成功
4積み,558,6,失敗
4積み,559,9,成功
4積み,560,6,失敗
4積み,561,6,失敗
4積み,562,6,失敗
4積み,563,9,成功
4積み,564,6,失敗
4積み,565,9,成功
4積み,566,9,成功
4積み,567,9,成功
4積み,568,9,成功
4積み,569,6,失敗
4積み,570,6,失敗
4積み,571,6,失敗
4積み,572,6,失敗
4積み,573,9,成功
4積み,574,6,失敗
4積み,575,6,失敗
4積み,576,9,成功
4積み,577,6,失敗
4積み,578,6,失敗
4積み,579,9,成功
4積み,580,6,失敗
4積み,581,9,成功
4積み,582,6,失敗
4積み,583,9,成功
4積み,584,6,失敗
4積み,585,6,失敗
4積み,586,6,失敗
4積み,587,9,成功
4積み,588,6,失敗
4積み,589,6,失敗
4積み,590,9,成功
4積み,591,6,失敗
4積み,592,6,失敗
4積み,593,9,成功
4積み,594,6,失敗
4積み,595,6,失敗
4積み,596,6,失敗
4積み,597,6,失敗
4積み,598,9,成功
4積み,599,9,成功
4積み,600,6,失敗
4積み,601,9,成功
4積み,602,6,失敗
4積み,603,6,失敗
4積み,604,9,成功
4積み,605,6,失敗
4積み,606,6,失敗
4積み,607,9,成功
4積み,608,6,失敗
4積み,609,9,成功
4積み,610,6,失敗
4積み,611,6,失敗
4積み,612,6,失敗
4積み,613,6,失敗
4積み,614,9,成功
4積み,615,6,失敗
4積み,616,9,成功
4積み,617,9,成功
4積み,618,6,失敗
4積み,619,9,成功
4積み,620,6,失敗
4積み,621,9,成功
4積み,622,9,成功
4積み,623,6,失敗
4積み,624,9,成功
4積み,625,6,失敗
4積み,626,6,失敗
4積み,627,9,成功
4積み,628,9,成功
4積み,629,6,失敗
4積み,630,6,失敗
4積み,631,9,成功
4積み,632,6,失敗
4積み,633,6,失敗
4積み,634,6,失敗
4積み,635,9,成功
4積み,636,6,失敗
4積み,637,9,成功
4積み,638,6,失敗
4積み,639,6,失敗
4積み,640,9,成功
4積み,641,6,失敗
4積み,642,9,成功
4積み,643,9,成功
4積み,644,9,成功
4積み,645,6,失敗
4積み,646,6,失敗
4積み,647,6,失敗
4積み,648,6,失敗
4積み,649,9,成功
4積み,650,6,失敗
4積み,651,9,成功
4積み,652,9,成功
4積み,653,6,失敗
4積み,654,6,失敗
4積み,655,6,失敗
4積み,656,6,失敗
4積み,657,9,成功
4積み,658,6,失敗
4積み,659,6,失敗
4積み,660,6,失敗
4積み,661,6,失敗
4積み,662,9,成功
4積み,663,9,成功
4積み,664,6,失敗
4積み,665,6,失敗
4積み,666,6,失敗
4積み,667,9,成功
4積み,668,6,失敗
4積み,669,9,成功
4積み,670,9,成功
4積み,671,6,失敗
4積み,672,6,失敗
4積み,673,6,失敗
4積み,674,9,成功
4積み,675,6,失敗
4積み,676,9,成功
4積み,677,9,成功
4積み,678,9,成功
4積み,679,6,失敗
4積み,680,6,失敗
4積み,681,6,失敗
4積み,682,9,成功
4積み,683,9,成功
4積み,684,6,失敗
4積み,685,9,成功
4積み,686,9,成功
4積み,687,6,失敗
4積み,688,9,成功
4積み,689,9,成功
4積み,690,6,失敗
4積み,691,9,成功
4積み,692,6,失敗
4積み,693,6,失敗
4積み,694,6,失敗
4積み,695,6,失敗
4積み,696,6,失敗
4積み,697,9,成功
4積み,698,6,失敗
4積み,699,6,失敗
4積み,700,6,失敗
4積み,701,9,成功
4積み,702,6,失敗
4積み,703,6,失敗
4積み,704,6,失敗
4積み,705,6,失敗
4積み,706,6,失敗
4積み,707,9,成功
4積み,708,6,失敗
4積み,709,9,成功
4積み,710,9,成功
4積み,711,6,失敗
4積み,712,9,成功
4積み,713,6,失敗
4積み,714,6,失敗
4積み,715,9,成功
4積み,716,9,成功
4積み,717,9,成功
4積み,718,6,失敗
4積み,719,9,成功
4積み,720,9,成功
4積み,721,6,失敗
4積み,722,6,失敗
4積み,723,9,成功
4積み,724,9,成功
4積み,725,9,成功
4積み,726,6,失敗
4積み,727,6,失敗
4積み,728,9,成功
4積み,729,6,失敗
4積み,730,9,成功
4積み,731,6,失敗
4積み,732,6,失敗
4積み,733,9,成功
4積み,734,6,失敗
4積み,735,6,失敗
4積み,736,6,失敗
4積み,737,6,失敗
4積み,738,9,成功
4積み,739,9,成功
4積み,740,6,失敗
4積み,741,9,成功
4積み,742,6,失敗
4積み,743,9,成功
4積み,744,9,成功
4積み,745,6,失敗
4積み,746,9,成功
4積み,747,6,失敗
4積み,748,6,失敗
4積み,749,6,失敗
4積み,750,6,失敗
4積み,751,6,失敗
4積み,752,9,成功
4積み,753,9,成功
4積み,754,6,失敗
4積み,755,6,失敗
4積み,756,6,失敗
4積み,757,9,成功
4積み,758,6,失敗
4積み,759,6,失敗
4積み,760,6,失敗
4積み,761,6,失敗
4積み,762,9,成功
4積み,763,6,失敗
4積み,764,6,失敗
4積み,765,6,失敗
4積み,766,9,成功
4積み,767,6,失敗
4積み,768,6,失敗
4積み,769,6,失敗
4積み,770,6,失敗
4積み,771,6,失敗
4積み,772,6,失敗
4積み,773,9,成功
4積み,774,9,成功
4積み,775,6,失敗
4積み,776,9,成功
4積み,777,6,失敗
4積み,778,6,失敗
4積み,779,9,成功
4積み,780,9,成功
4積み,781,9,成功
4積み,782,6,失敗
4積み,783,9,成功
4積み,784,6,失敗
4積み,785,6,失敗
4積み,786,6,失敗
4積み,787,6,失敗
4積み,788,9,成功
4積み,789,6,失敗
4積み,790,9,成功
4積み,791,6,失敗
4積み,792,6,失敗
4積み,793,9,成功
4積み,794,6,失敗
4積み,795,9,成功
4積み,796,6,失敗
4積み,797,9,成功
4積み,798,9,成功
4積み,799,6,失敗
4積み,800,6,失敗
4積み,801,6,失敗
4積み,802,6,失敗
4積み,803,6,失敗
4積み,804,6,失敗
4積み,805,9,成功
4積み,806,6,失敗
4積み,807,9,成功
4積み,808,6,失敗
4積み,809,6,失敗
4積み,810,6,失敗
4積み,811,9,成功
4積み,812,6,失敗
4積み,813,6,失敗
4積み,814,6,失敗
4積み,815,6,失敗
4積み,816,9,成功
4積み,817,6,失敗
4積み,818,9,成功
4積み,819,6,失敗
4積み,820,9,成功
4積み,821,9,成功
4積み,822,6,失敗
4積み,823,6,失敗
4積み,824,9,成功
4積み,825,9,成功
4積み,826,9,成功
4積み,827,6,失敗
4積み,828,9,成功
4積み,829,6,失敗
4積み,830,9,成功
4積み,831,6,失敗
4積み,832,6,失敗
4積み,833,6,失敗
4積み,834,9,成功
4積み,835,6,失敗
4積み,836,6,失敗
4積み,837,9,成功
4積み,838,9,成功
4積み,839,9,成功
4積み,840,6,失敗
4積み,841,9,成功
4積み,842,6,失敗
4積み,843,6,失敗
4積み,844,6,失敗
4積み,845,6,失敗
4積み,846,6,失敗
4積み,847,6,失敗
4積み,848,9,成功
4積み,849,6,失敗
4積み,850,6,失敗
4積み,851,6,失敗
4積み,852,6,失敗
4積み,853,9,成功
4積み,854,9,成功
4積み,855,9,成功
4積み,856,6,失敗
4積み,857,6,失敗
4積み,858,9,成功
4積み,859,9,成功
4積み,860,9,成功
4積み,861,9,成功
4積み,862,9,成功
4積み,863,9,成功
4積み,864,9,成功
4積み,865,9,成功
4積み,866,6,失敗
4積み,867,6,失敗
4積み,868,9,成功
4積み,869,9,成功
4積み,870,9,成功
4積み,871,6,失敗
4積み,872,9,成功
4積み,873,9,成功
4積み,874,6,失敗
4積み,875,9,成功
4積み,876,9,成功
4積み,877,9,成功
4積み,878,6,失敗
4積み,879,6,失敗
4積み,880,6,失敗
4積み,881,6,失敗
4積み,882,6,失敗
4積み,883,6,失敗
4積み,884,9,成功
4積み,885,6,失敗
4積み,886,6,失敗
4積み,887,6,失敗
4積み,888,9,成功
4積み,889,9,成功
4積み,890,9,成功
4積み,891,9,成功
4積み,892,6,失敗
4積み,893,6,失敗
4積み,894,6,失敗
4積み,895,9,成功
4積み,896,6,失敗
4積み,897,6,失敗
4積み,898,6,失敗
4積み,899,9,成功
4積み,900,6,失敗
4積み,901,6,失敗
4積み,902,6,失敗
4積み,903,9,成功
4積み,904,6,失敗
4積み,905,9,成功
4積み,906,6,失敗
4積み,907,6,失敗
4積み,908,9,成功
4積み,909,6,失敗
4積み,910,6,失敗
4積み,911,9,成功
4積み,912,9,成功
4積み,913,9,成功
4積み,914,6,失敗
4積み,915,9,成功
4積み,916,9,成功
4積み,917,6,失敗
4積み,918,6,失敗
4積み,919,6,失敗
4積み,920,6,失敗
4積み,921,6,失敗
4積み,922,9,成功
4積み,923,9,成功
4積み,924,6,失敗
4積み,925,6,失敗
4積み,926,9,成功
4積み,927,6,失敗
4積み,928,6,失敗
4積み,929,9,成功
4積み,930,6,失敗
4積み,931,6,失敗
4積み,932,6,失敗
4積み,933,6,失敗
4積み,934,9,成功
4積み,935,6,失敗
4積み,936,6,失敗
4積み,937,6,失敗
4積み,938,6,失敗
4積み,939,6,失敗
4積み,940,6,失敗
4積み,941,9,成功
4積み,942,6,失敗
4積み,943,9,成功
4積み,944,6,失敗
4積み,945,6,失敗
4積み,946,6,失敗
4積み,947,9,成功
4積み,948,6,失敗
4積み,949,6,失敗
4積み,950,6,失敗
4積み,951,6,失敗
4積み,952,6,失敗
4積み,953,9,成功
4積み,954,9,成功
4積み,955,6,失敗
4積み,956,9,成功
4積み,957,9,成功
4積み,958,6,失敗
4積み,959,9,成功
4積み,960,9,成功
4積み,961,6,失敗
4積み,962,9,成功
4積み,963,6,失敗
4積み,964,6,失敗
4積み,965,6,失敗
4積み,966,6,失敗
4積み,967,6,失敗
4積み,968,6,失敗
4積み,969,6,失敗
4積み,970,9,成功
4積み,971,6,失敗
4積み,972,6,失敗
4積み,973,6,失敗
4積み,974,6,失敗
4積み,975,9,成功
4積み,976,6,失敗
4積み,977,9,成功
4積み,978,6,失敗
4積み,979,6,失敗
4積み,980,6,失敗
4積み,981,9,成功
4積み,982,9,成功
4積み,983,6,失敗
4積み,984,6,失敗
4積み,985,6,失敗
4積み,986,6,失敗
4積み,987,9,成功
4積み,988,6,失敗
4積み,989,6,失敗
4積み,990,6,失敗
4積み,991,6,失敗
4積み,992,6,失敗
4積み,993,6,失敗
4積み,994,9,成功
4積み,995,9,成功
4積み,996,9,成功
4積み,997,9,成功
4積み,998,6,失敗
4積み,999,9,成功
4積み,1000,9,成功
5積み,1,9,成功
5積み,2,6,失敗
5積み,3,9,成功
5積み,4,9,成功
5積み,5,9,成功
5積み,6,6,失敗
5積み,7,6,失敗
5積み,8,6,失敗
5積み,9,9,成功
5積み,10,9,成功
5積み,11,6,失敗
5積み,12,9,成功
5積み,13,9,成功
5積み,14,6,失敗
5積み,15,9,成功
5積み,16,9,成功
5積み,17,6,失敗
5積み,18,9,成功
5積み,19,6,失敗
5積み,20,9,成功
5積み,21,6,失敗
5積み,22,9,成功
5積み,23,6,失敗
5積み,24,9,成功
5積み,25,6,失敗
5積み,26,9,成功
5積み,27,9,成功
5積み,28,6,失敗
5積み,29,6,失敗
5積み,30,6,失敗
5積み,31,6,失敗
5積み,32,9,成功
5積み,33,9,成功
5積み,34,9,成功
5積み,35,9,成功
5積み,36,6,失敗
5積み,37,6,失敗
5積み,38,6,失敗
5積み,39,9,成功
5積み,40,9,成功
5積み,41,9,成功
5積み,42,6,失敗
5積み,43,6,失敗
5積み,44,6,失敗
5積み,45,9,成功
5積み,46,6,失敗
5積み,47,9,成功
5積み,48,6,失敗
5積み,49,9,成功
5積み,50,9,成功
5積み,51,9,成功
5積み,52,6,失敗
5積み,53,9,成功
5積み,54,9,成功
5積み,55,6,失敗
5積み,56,9,成功
5積み,57,9,成功
5積み,58,6,失敗
5積み,59,6,失敗
5積み,60,6,失敗
5積み,61,9,成功
5積み,62,9,成功
5積み,63,6,失敗
5積み,64,6,失敗
5積み,65,9,成功
5積み,66,9,成功
5積み,67,9,成功
5積み,68,9,成功
5積み,69,9,成功
5積み,70,6,失敗
5積み,71,9,成功
5積み,72,9,成功
5積み,73,6,失敗
5積み,74,9,成功
5積み,75,6,失敗
5積み,76,6,失敗
5積み,77,9,成功
5積み,78,9,成功
5積み,79,6,失敗
5積み,80,6,失敗
5積み,81,9,成功
5積み,82,9,成功
5積み,83,9,成功
5積み,84,9,成功
5積み,85,9,成功
5積み,86,6,失敗
5積み,87,6,失敗
5積み,88,9,成功
5積み,89,9,成功
5積み,90,9,成功
5積み,91,9,成功
5積み,92,9,成功
5積み,93,6,失敗
5積み,94,6,失敗
5積み,95,9,成功
5積み,96,6,失敗
5積み,97,6,失敗
5積み,98,9,成功
5積み,99,6,失敗
5積み,100,9,成功
5積み,101,9,成功
5積み,102,9,成功
5積み,103,6,失敗
5積み,104,6,失敗
5積み,105,6,失敗
5積み,106,6,失敗
5積み,107,9,成功
5積み,108,9,成功
5積み,109,6,失敗
5積み,110,6,失敗
5積み,111,6,失敗
5積み,112,6,失敗
5積み,113,9,成功
5積み,114,9,成功
5積み,115,6,失敗
5積み,116,6,失敗
5積み,117,9,成功
5積み,118,9,成功
5積み,119,6,失敗
5積み,120,6,失敗
5積み,121,6,失敗
5積み,122,9,成功
5積み,123,6,失敗
5積み,124,9,成功
5積み,125,9,成功
5積み,126,9,成功
5積み,127,6,失敗
5積み,128,6,失敗
5積み,129,9,成功
5積み,130,9,成功
5積み,131,6,失敗
5積み,132,6,失敗
5積み,133,9,成功
5積み,134,6,失敗
5積み,135,6,失敗
5積み,136,9,成功
5積み,137,9,成功
5積み,138,9,成功
5積み,139,6,失敗
5積み,140,6,失敗
5積み,141,6,失敗
5積み,142,6,失敗
5積み,143,6,失敗
5積み,144,9,成功
5積み,145,6,失敗
5積み,146,9,成功
5積み,147,9,成功
5積み,148,9,成功
5積み,149,6,失敗
5積み,150,9,成功
5積み,151,9,成功
5積み,152,9,成功
5積み,153,9,成功
5積み,154,6,失敗
5積み,155,6,失敗
5積み,156,9,成功
5積み,157,9,成功
5積み,158,9,成功
5積み,159,6,失敗
5積み,160,9,成功
5積み,161,9,成功
5積み,162,6,失敗
5積み,163,6,失敗
5積み,164,9,成功
5積み,165,9,成功
5積み,166,9,成功
5積み,167,9,成功
5積み,168,6,失敗
5積み,169,6,失敗
5積み,170,9,成功
5積み,171,6,失敗
5積み,172,6,失敗
5積み,173,6,失敗
5積み,174,9,成功
5積み,175,6,失敗
5積み,176,9,成功
5積み,177,9,成功
5積み,178,9,成功
5積み,179,6,失敗
5積み,180,6,失敗
5積み,181,9,成功
5積み,182,9,成功
5積み,183,6,失敗
5積み,184,9,成功
5積み,185,6,失敗
5積み,186,9,成功
5積み,187,9,成功
5積み,188,9,成功
5積み,189,9,成功
5積み,190,6,失敗
5積み,191,6,失敗
5積み,192,6,失敗
5積み,193,9,成功
5積み,194,9,成功
5積み,195,9,成功
5積み,196,9,成功
5積み,197,9,成功
5積み,198,6,失敗
5積み,199,9,成功
5積み,200,9,成功
5積み,201,6,失敗
5積み,202,6,失敗
5積み,203,6,失敗
5積み,204,6,失敗
5積み,205,6,失敗
5積み,206,9,成功
5積み,207,6,失敗
5積み,208,6,失敗
5積み,209,9,成功
5積み,210,6,失敗
5積み,211,6,失敗
5積み,212,9,成功
5積み,213,6,失敗
5積み,214,6,失敗
5積み,215,9,成功
5積み,216,9,成功
5積み,217,6,失敗
5積み,218,9,成功
5積み,219,9,成功
5積み,220,6,失敗
5積み,221,6,失敗
5積み,222,6,失敗
5積み,223,9,成功
5積み,224,9,成功
5積み,225,6,失敗
5積み,226,9,成功
5積み,227,6,失敗
5積み,228,9,成功
5積み,229,6,失敗
5積み,230,9,成功
5積み,231,9,成功
5積み,232,9,成功
5積み,233,6,失敗
5積み,234,9,成功
5積み,235,6,失敗
5積み,236,6,失敗
5積み,237,6,失敗
5積み,238,6,失敗
5積み,239,6,失敗
5積み,240,9,成功
5積み,241,6,失敗
5積み,242,6,失敗
5積み,243,6,失敗
5積み,244,6,失敗
5積み,245,6,失敗
5積み,246,6,失敗
5積み,247,6,失敗
5積み,248,9,成功
5積み,249,9,成功
5積み,250,6,失敗
5積み,251,6,失敗
5積み,252,9,成功
5積み,253,6,失敗
5積み,254,6,失敗
5積み,255,9,成功
5積み,256,9,成功
5積み,257,9,成功
5積み,258,6,失敗
5積み,259,9,成功
5積み,260,6,失敗
5積み,261,6,失敗
5積み,262,6,失敗
5積み,263,9,成功
5積み,264,6,失敗
5積み,265,6,失敗
5積み,266,9,成功
5積み,267,6,失敗
5積み,268,9,成功
5積み,269,6,失敗
5積み,270,6,失敗
5積み,271,9,成功
5積み,272,9,成功
5積み,273,9,成功
5積み,274,6,失敗
5積み,275,6,失敗
5積み,276,9,成功
5積み,277,9,成功
5積み,278,6,失敗
5積み,279,6,失敗
5積み,280,6,失敗
5積み,281,6,失敗
5積み,282,9,成功
5積み,283,6,失敗
5積み,284,6,失敗
5積み,285,6,失敗
5積み,286,9,成功
5積み,287,6,失敗
5積み,288,6,失敗
5積み,289,6,失敗
5積み,290,6,失敗
5積み,291,6,失敗
5積み,292,6,失敗
5積み,293,9,成功
5積み,294,6,失敗
5積み,295,6,失敗
5積み,296,9,成功
5積み,297,6,失敗
5積み,298,6,失敗
5積み,299,6,失敗
5積み,300,6,失敗
5積み,301,9,成功
5積み,302,6,失敗
5積み,303,6,失敗
5積み,304,9,成功
5積み,305,9,成功
5積み,306,6,失敗
5積み,307,9,成功
5積み,308,6,失敗
5積み,309,9,成功
5積み,310,9,成功
5積み,311,6,失敗
5積み,312,6,失敗
5積み,313,6,失敗
5積み,314,9,成功
5積み,315,6,失敗
5積み,316,6,失敗
5積み,317,6,失敗
5積み,318,6,失敗
5積み,319,6,失敗
5積み,320,6,失敗
5積み,321,6,失敗
5積み,322,9,成功
5積み,323,9,成功
5積み,324,9,成功
5積み,325,9,成功
5積み,326,6,失敗
5積み,327,9,成功
5積み,328,9,成功
5積み,329,9,成功
5積み,330,6,失敗
5積み,331,9,成功
5積み,332,6,失敗
5積み,333,9,成功
5積み,334,6,失敗
5積み,335,6,失敗
5積み,336,6,失敗
5積み,337,6,失敗
5積み,338,9,成功
5積み,339,9,成功
5積み,340,9,成功
5積み,341,6,失敗
5積み,342,9,成功
5積み,343,9,成功
5積み,344,6,失敗
5積み,345,6,失敗
5積み,346,6,失敗
5積み,347,9,成功
5積み,348,9,成功
5積み,349,9,成功
5積み,350,9,成功
5積み,351,9,成功
5積み,352,6,失敗
5積み,353,9,成功
5積み,354,9,成功
5積み,355,6,失敗
5積み,356,9,成功
5積み,357,6,失敗
5積み,358,9,成功
5積み,359,6,失敗
5積み,360,9,成功
5積み,361,9,成功
5積み,362,6,失敗
5積み,363,9,成功
5積み,364,6,失敗
5積み,365,9,成功
5積み,366,6,失敗
5積み,367,9,成功
5積み,368,6,失敗
5積み,369,6,失敗
5積み,370,9,成功
5積み,371,9,成功
5積み,372,9,成功
5積み,373,9,成功
5積み,374,9,成功
5積み,375,6,失敗
5積み,376,9,成功
5積み,377,6,失敗
5積み,378,6,失敗
5積み,379,6,失敗
5積み,380,6,失敗
5積み,381,6,失敗
5積み,382,6,失敗
5積み,383,6,失敗
5積み,384,6,失敗
5積み,385,9,成功
5積み,386,9,成功
5積み,387,9,成功
5積み,388,6,失敗
5積み,389,6,失敗
5積み,390,6,失敗
5積み,391,6,失敗
5積み,392,6,失敗
5積み,393,6,失敗
5積み,394,6,失敗
5積み,395,6,失敗
5積み,396,9,成功
5積み,397,9,成功
5積み,398,6,失敗
5積み,399,9,成功
5積み,400,6,失敗
5積み,401,6,失敗
5積み,402,9,成功
5積み,403,9,成功
5積み,404,6,失敗
5積み,405,9,成功
5積み,406,9,成功
5積み,407,6,失敗
5積み,408,9,成功
5積み,409,9,成功
5積み,410,6,失敗
5積み,411,9,成功
5積み,412,6,失敗
5積み,413,9,成功
5積み,414,6,失敗
5積み,415,9,成功
5積み,416,9,成功
5積み,417,6,失敗
5積み,418,9,成功
5積み,419,6,失敗
5積み,420,9,成功
5積み,421,9,成功
5積み,422,9,成功
5積み,423,9,成功
5積み,424,9,成功
5積み,425,9,成功
5積み,426,9,成功
5積み,427,6,失敗
5積み,428,6,失敗
5積み,429,6,失敗
5積み,430,9,成功
5積み,431,6,失敗
5積み,432,6,失敗
5積み,433,6,失敗
5積み,434,6,失敗
5積み,435,6,失敗
5積み,436,6,失敗
5積み,437,6,失敗
5積み,438,9,成功
5積み,439,6,失敗
5積み,440,9,成功
5積み,441,9,成功
5積み,442,6,失敗
5積み,443,6,失敗
5積み,444,6,失敗
5積み,445,6,失敗
5積み,446,6,失敗
5積み,447,9,成功
5積み,448,6,失敗
5積み,449,6,失敗
5積み,450,6,失敗
5積み,451,9,成功
5積み,452,6,失敗
5積み,453,9,成功
5積み,454,9,成功
5積み,455,6,失敗
5積み,456,6,失敗
5積み,457,9,成功
5積み,458,9,成功
5積み,459,9,成功
5積み,460,9,成功
5積み,461,9,成功
5積み,462,9,成功
5積み,463,6,失敗
5積み,464,6,失敗
5積み,465,9,成功
5積み,466,9,成功
5積み,467,9,成功
5積み,468,9,成功
5積み,469,9,成功
5積み,470,6,失敗
5積み,471,6,失敗
5積み,472,9,成功
5積み,473,9,成功
5積み,474,9,成功
5積み,475,9,成功
5積み,476,9,成功
5積み,477,9,成功
5積み,478,6,失敗
5積み,479,6,失敗
5積み,480,9,成功
5積み,481,6,失敗
5積み,482,9,成功
5積み,483,6,失敗
5積み,484,6,失敗
5積み,485,6,失敗
5積み,486,9,成功
5積み,487,6,失敗
5積み,488,6,失敗
5積み,489,6,失敗
5積み,490,9,成功
5積み,491,9,成功
5積み,492,6,失敗
5積み,493,9,成功
5積み,494,9,成功
5積み,495,9,成功
5積み,496,6,失敗
5積み,497,6,失敗
5積み,498,6,失敗
5積み,499,6,失敗
5積み,500,6,失敗
5積み,501,6,失敗
5積み,502,9,成功
5積み,503,9,成功
5積み,504,9,成功
5積み,505,9,成功
5積み,506,6,失敗
5積み,507,9,成功
5積み,508,9,成功
5積み,509,6,失敗
5積み,510,6,失敗
5積み,511,6,失敗
5積み,512,6,失敗
5積み,513,9,成功
5積み,514,6,失敗
5積み,515,9,成功
5積み,516,9,成功
5積み,517,6,失敗
5積み,518,9,成功
5積み,519,9,成功
5積み,520,9,成功
5積み,521,9,成功
5積み,522,6,失敗
5積み,523,9,成功
5積み,524,6,失敗
5積み,525,6,失敗
5積み,526,6,失敗
5積み,527,6,失敗
5積み,528,6,失敗
5積み,529,6,失敗
5積み,530,9,成功
5積み,531,6,失敗
5積み,532,9,成功
5積み,533,6,失敗
5積み,534,9,成功
5積み,535,6,失敗
5積み,536,6,失敗
5積み,537,9,成功
5積み,538,9,成功
5積み,539,6,失敗
5積み,540,6,失敗
5積み,541,9,成功
5積み,542,9,成功
5積み,543,9,成功
5積み,544,9,成功
5積み,545,9,成功
5積み,546,9,成功
5積み,547,9,成功
5積み,548,9,成功
5積み,549,9,成功
5積み,550,6,失敗
5積み,551,9,成功
5積み,552,9,成功
5積み,553,9,成功
5積み,554,9,成功
5積み,555,6,失敗
5積み,556,6,失敗
5積み,557,9,成功
5積み,558,6,失敗
5積み,559,6,失敗
5積み,560,9,成功
5積み,561,9,成功
5積み,562,6,失敗
5積み,563,6,失敗
5積み,564,9,成功
5積み,565,6,失敗
5積み,566,6,失敗
5積み,567,9,成功
5積み,568,6,失敗
5積み,569,9,成功
5積み,570,6,失敗
5積み,571,9,成功
5積み,572,6,失敗
5積み,573,9,成功
5積み,574,9,成功
5積み,575,6,失敗
5積み,576,6,失敗
5積み,577,6,失敗
5積み,578,6,失敗
5積み,579,9,成功
5積み,580,9,成功
5積み,581,6,失敗
5積み,582,6,失敗
5積み,583,6,失敗
5積み,584,9,成功
5積み,585,9,成功
5積み,586,6,失敗
5積み,587,9,成功
5積み,588,9,成功
5積み,589,9,成功
5積み,590,6,失敗
5積み,591,6,失敗
5積み,592,6,失敗
5積み,593,9,成功
5積み,594,9,成功
5積み,595,9,成功
5積み,596,6,失敗
5積み,597,9,成功
5積み,598,9,成功
5積み,599,9,成功
5積み,600,9,成功
5積み,601,6,失敗
5積み,602,9,成功
5積み,603,6,失敗
5積み,604,9,成功
5積み,605,9,成功
5積み,606,6,失敗
5積み,607,9,成功
5積み,608,6,失敗
5積み,609,9,成功
5積み,610,9,成功
5積み,611,9,成功
5積み,612,6,失敗
5積み,613,6,失敗
5積み,614,9,成功
5積み,615,9,成功
5積み,616,6,失敗
5積み,617,6,失敗
5積み,618,9,成功
5積み,619,9,成功
5積み,620,9,成功
5積み,621,9,成功
5積み,622,9,成功
5積み,623,6,失敗
5積み,624,6,失敗
5積み,625,6,失敗
5積み,626,9,成功
5積み,627,9,成功
5積み,628,6,失敗
5積み,629,9,成功
5積み,630,9,成功
5積み,631,9,成功
5積み,632,9,成功
5積み,633,9,成功
5積み,634,6,失敗
5積み,635,9,成功
5積み,636,6,失敗
5積み,637,9,成功
5積み,638,6,失敗
5積み,639,9,成功
5積み,640,6,失敗
5積み,641,6,失敗
5積み,642,9,成功
5積み,643,9,成功
5積み,644,9,成功
5積み,645,6,失敗
5積み,646,9,成功
5積み,647,6,失敗
5積み,648,6,失敗
5積み,649,9,成功
5積み,650,9,成功
5積み,651,6,失敗
5積み,652,6,失敗
5積み,653,6,失敗
5積み,654,9,成功
5積み,655,6,失敗
5積み,656,9,成功
5積み,657,9,成功
5積み,658,9,成功
5積み,659,6,失敗
5積み,660,6,失敗
5積み,661,9,成功
5積み,662,9,成功
5積み,663,9,成功
5積み,664,9,成功
5積み,665,9,成功
5積み,666,6,失敗
5積み,667,9,成功
5積み,668,6,失敗
5積み,669,6,失敗
5積み,670,6,失敗
5積み,671,9,成功
5積み,672,9,成功
5積み,673,9,成功
5積み,674,9,成功
5積み,675,6,失敗
5積み,676,9,成功
5積み,677,9,成功
5積み,678,9,成功
5積み,679,6,失敗
5積み,680,6,失敗
5積み,681,9,成功
5積み,682,9,成功
5積み,683,9,成功
5積み,684,6,失敗
5積み,685,9,成功
5積み,686,9,成功
5積み,687,9,成功
5積み,688,9,成功
5積み,689,6,失敗
5積み,690,6,失敗
5積み,691,6,失敗
5積み,692,9,成功
5積み,693,6,失敗
5積み,694,6,失敗
5積み,695,9,成功
5積み,696,6,失敗
5積み,697,6,失敗
5積み,698,9,成功
5積み,699,6,失敗
5積み,700,9,成功
5積み,701,9,成功
5積み,702,6,失敗
5積み,703,9,成功
5積み,704,9,成功
5積み,705,6,失敗
5積み,706,9,成功
5積み,707,6,失敗
5積み,708,9,成功
5積み,709,9,成功
5積み,710,9,成功
5積み,711,9,成功
5積み,712,6,失敗
5積み,713,9,成功
5積み,714,9,成功
5積み,715,9,成功
5積み,716,6,失敗
5積み,717,6,失敗
5積み,718,9,成功
5積み,719,9,成功
5積み,720,6,失敗
5積み,721,6,失敗
5積み,722,9,成功
5積み,723,9,成功
5積み,724,9,成功
5積み,725,9,成功
5積み,726,6,失敗
5積み,727,9,成功
5積み,728,6,失敗
5積み,729,6,失敗
5積み,730,6,失敗
5積み,731,9,成功
5積み,732,6,失敗
5積み,733,9,成功
5積み,734,6,失敗
5積み,735,6,失敗
5積み,736,6,失敗
5積み,737,9,成功
5積み,738,9,成功
5積み,739,9,成功
5積み,740,6,失敗
5積み,741,6,失敗
5積み,742,9,成功
5積み,743,9,成功
5積み,744,6,失敗
5積み,745,9,成功
5積み,746,9,成功
5積み,747,9,成功
5積み,748,9,成功
5積み,749,9,成功
5積み,750,9,成功
5積み,751,6,失敗
5積み,752,9,成功
5積み,753,9,成功
5積み,754,6,失敗
5積み,755,9,成功
5積み,756,6,失敗
5積み,757,6,失敗
5積み,758,9,成功
5積み,759,9,成功
5積み,760,6,失敗
5積み,761,9,成功
5積み,762,9,成功
5積み,763,6,失敗
5積み,764,9,成功
5積み,765,9,成功
5積み,766,6,失敗
5積み,767,9,成功
5積み,768,9,成功
5積み,769,9,成功
5積み,770,9,成功
5積み,771,9,成功
5積み,772,9,成功
5積み,773,6,失敗
5積み,774,6,失敗
5積み,775,9,成功
5積み,776,6,失敗
5積み,777,9,成功
5積み,778,9,成功
5積み,779,6,失敗
5積み,780,9,成功
5積み,781,6,失敗
5積み,782,9,成功
5積み,783,6,失敗
5積み,784,6,失敗
5積み,785,9,成功
5積み,786,6,失敗
5積み,787,9,成功
5積み,788,9,成功
5積み,789,9,成功
5積み,790,6,失敗
5積み,791,9,成功
5積み,792,9,成功
5積み,793,6,失敗
5積み,794,6,失敗
5積み,795,9,成功
5積み,796,9,成功
5積み,797,9,成功
5積み,798,6,失敗
5積み,799,9,成功
5積み,800,9,成功
5積み,801,6,失敗
5積み,802,6,失敗
5積み,803,9,成功
5積み,804,9,成功
5積み,805,6,失敗
5積み,806,9,成功
5積み,807,6,失敗
5積み,808,9,成功
5積み,809,9,成功
5積み,810,6,失敗
5積み,811,9,成功
5積み,812,6,失敗
5積み,813,6,失敗
5積み,814,9,成功
5積み,815,6,失敗
5積み,816,6,失敗
5積み,817,9,成功
5積み,818,6,失敗
5積み,819,9,成功
5積み,820,6,失敗
5積み,821,6,失敗
5積み,822,9,成功
5積み,823,9,成功
5積み,824,6,失敗
5積み,825,6,失敗
5積み,826,6,失敗
5積み,827,6,失敗
5積み,828,9,成功
5積み,829,9,成功
5積み,830,6,失敗
5積み,831,9,成功
5積み,832,9,成功
5積み,833,9,成功
5積み,834,6,失敗
5積み,835,6,失敗
5積み,836,9,成功
5積み,837,6,失敗
5積み,838,9,成功
5積み,839,9,成功
5積み,840,9,成功
5積み,841,9,成功
5積み,842,9,成功
5積み,843,9,成功
5積み,844,9,成功
5積み,845,9,成功
5積み,846,9,成功
5積み,847,9,成功
5積み,848,9,成功
5積み,849,6,失敗
5積み,850,6,失敗
5積み,851,9,成功
5積み,852,9,成功
5積み,853,9,成功
5積み,854,6,失敗
5積み,855,9,成功
5積み,856,6,失敗
5積み,857,9,成功
5積み,858,6,失敗
5積み,859,6,失敗
5積み,860,9,成功
5積み,861,6,失敗
5積み,862,9,成功
5積み,863,6,失敗
5積み,864,9,成功
5積み,865,6,失敗
5積み,866,6,失敗
5積み,867,6,失敗
5積み,868,9,成功
5積み,869,6,失敗
5積み,870,9,成功
5積み,871,6,失敗
5積み,872,9,成功
5積み,873,6,失敗
5積み,874,6,失敗
5積み,875,9,成功
5積み,876,9,成功
5積み,877,6,失敗
5積み,878,9,成功
5積み,879,6,失敗
5積み,880,9,成功
5積み,881,6,失敗
5積み,882,9,成功
5積み,883,6,失敗
5積み,884,6,失敗
5積み,885,6,失敗
5積み,886,9,成功
5積み,887,6,失敗
5積み,888,9,成功
5積み,889,9,成功
5積み,890,6,失敗
5積み,891,9,成功
5積み,892,6,失敗
5積み,893,9,成功
5積み,894,9,成功
5積み,895,6,失敗
5積み,896,6,失敗
5積み,897,9,成功
5積み,898,6,失敗
5積み,899,9,成功
5積み,900,9,成功
5積み,901,6,失敗
5積み,902,9,成功
5積み,903,6,失敗
5積み,904,6,失敗
5積み,905,6,失敗
5積み,906,9,成功
5積み,907,9,成功
5積み,908,9,成功
5積み,909,6,失敗
5積み,910,6,失敗
5積み,911,6,失敗
5積み,912,6,失敗
5積み,913,6,失敗
5積み,914,6,失敗
5積み,915,9,成功
5積み,916,6,失敗
5積み,917,6,失敗
5積み,918,6,失敗
5積み,919,6,失敗
5積み,920,6,失敗
5積み,921,6,失敗
5積み,922,6,失敗
5積み,923,9,成功
5積み,924,9,成功
5積み,925,9,成功
5積み,926,9,成功
5積み,927,6,失敗
5積み,928,9,成功
5積み,929,6,失敗
5積み,930,9,成功
5積み,931,9,成功
5積み,932,6,失敗
5積み,933,6,失敗
5積み,934,6,失敗
5積み,935,6,失敗
5積み,936,6,失敗
5積み,937,9,成功
5積み,938,6,失敗
5積み,939,9,成功
5積み,940,6,失敗
5積み,941,9,成功
5積み,942,9,成功
5積み,943,9,成功
5積み,944,6,失敗
5積み,945,9,成功
5積み,946,9,成功
5積み,947,6,失敗
5積み,948,9,成功
5積み,949,9,成功
5積み,950,9,成功
5積み,951,6,失敗
5積み,952,9,成功
5積み,953,6,失敗
5積み,954,9,成功
5積み,955,9,成功
5積み,956,9,成功
5積み,957,6,失敗
5積み,958,9,成功
5積み,959,6,失敗
5積み,960,6,失敗
5積み,961,6,失敗
5積み,962,9,成功
5積み,963,9,成功
5積み,964,9,成功
5積み,965,6,失敗
5積み,966,9,成功
5積み,967,6,失敗
5積み,968,9,成功
5積み,969,6,失敗
5積み,970,9,成功
5積み,971,6,失敗
5積み,972,6,失敗
5積み,973,6,失敗
5積み,974,6,失敗
5積み,975,6,失敗
5積み,976,6,失敗
5積み,977,6,失敗
5積み,978,6,失敗
5積み,979,6,失敗
5積み,980,9,成功
5積み,981,9,成功
5積み,982,6,失敗
5積み,983,6,失敗
5積み,984,9,成功
5積み,985,9,成功
5積み,986,9,成功
5積み,987,9,成功
5積み,988,9,成功
5積み,989,6,失敗
5積み,990,6,失敗
5積み,991,6,失敗
5積み,992,9,成功
5積み,993,9,成功
5積み,994,9,成功
5積み,995,6,失敗
5積み,996,9,成功
5積み,997,6,失敗
5積み,998,9,成功
5積み,999,9,成功
5積み,1000,9,成功
6積み,1,9,成功
6積み,2,6,失敗
6積み,3,9,成功
6積み,4,9,成功
6積み,5,9,成功
6積み,6,9,成功
6積み,7,9,成功
6積み,8,9,成功
6積み,9,9,成功
6積み,10,6,失敗
6積み,11,6,失敗
6積み,12,6,失敗
6積み,13,6,失敗
6積み,14,9,成功
6積み,15,6,失敗
6積み,16,9,成功
6積み,17,9,成功
6積み,18,6,失敗
6積み,19,6,失敗
6積み,20,9,成功
6積み,21,9,成功
6積み,22,9,成功
6積み,23,9,成功
6積み,24,9,成功
6積み,25,9,成功
6積み,26,6,失敗
6積み,27,6,失敗
6積み,28,9,成功
6積み,29,6,失敗
6積み,30,9,成功
6積み,31,6,失敗
6積み,32,9,成功
6積み,33,6,失敗
6積み,34,6,失敗
6積み,35,6,失敗
6積み,36,6,失敗
6積み,37,9,成功
6積み,38,9,成功
6積み,39,6,失敗
6積み,40,9,成功
6積み,41,6,失敗
6積み,42,9,成功
6積み,43,6,失敗
6積み,44,6,失敗
6積み,45,6,失敗
6積み,46,9,成功
6積み,47,6,失敗
6積み,48,9,成功
6積み,49,6,失敗
6積み,50,6,失敗
6積み,51,6,失敗
6積み,52,6,失敗
6積み,53,6,失敗
6積み,54,6,失敗
6積み,55,6,失敗
6積み,56,6,失敗
6積み,57,6,失敗
6積み,58,9,成功
6積み,59,6,失敗
6積み,60,9,成功
6積み,61,6,失敗
6積み,62,9,成功
6積み,63,6,失敗
6積み,64,9,成功
6積み,65,6,失敗
6積み,66,9,成功
6積み,67,9,成功
6積み,68,6,失敗
6積み,69,9,成功
6積み,70,6,失敗
6積み,71,6,失敗
6積み,72,6,失敗
6積み,73,9,成功
6積み,74,9,成功
6積み,75,6,失敗
6積み,76,6,失敗
6積み,77,9,成功
6積み,78,9,成功
6積み,79,9,成功
6積み,80,9,成功
6積み,81,9,成功
6積み,82,6,失敗
6積み,83,9,成功
6積み,84,9,成功
6積み,85,6,失敗
6積み,86,9,成功
6積み,87,9,成功
6積み,88,6,失敗
6積み,89,6,失敗
6積み,90,9,成功
6積み,91,9,成功
6積み,92,6,失敗
6積み,93,9,成功
6積み,94,9,成功
6積み,95,9,成功
6積み,96,9,成功
6積み,97,9,成功
6積み,98,6,失敗
6積み,99,6,失敗
6積み,100,9,成功
6積み,101,9,成功
6積み,102,9,成功
6積み,103,9,成功
6積み,104,6,失敗
6積み,105,6,失敗
6積み,106,6,失敗
6積み,107,9,成功
6積み,108,9,成功
6積み,109,6,失敗
6積み,110,9,成功
6積み,111,9,成功
6積み,112,9,成功
6積み,113,6,失敗
6積み,114,6,失敗
6積み,115,9,成功
6積み,116,9,成功
6積み,117,6,失敗
6積み,118,6,失敗
6積み,119,9,成功
6積み,120,6,失敗
6積み,121,9,成功
6積み,122,9,成功
6積み,123,6,失敗
6積み,124,6,失敗
6積み,125,6,失敗
6積み,126,9,成功
6積み,127,6,失敗
6積み,128,6,失敗
6積み,129,6,失敗
6積み,130,9,成功
6積み,131,9,成功
6積み,132,9,成功
6積み,133,6,失敗
6積み,134,9,成功
6積み,135,6,失敗
6積み,136,9,成功
6積み,137,6,失敗
6積み,138,9,成功
6積み,139,9,成功
6積み,140,6,失敗
6積み,141,9,成功
6積み,142,9,成功
6積み,143,9,成功
6積み,144,9,成功
6積み,145,6,失敗
6積み,146,6,失敗
6積み,147,6,失敗
6積み,148,6,失敗
6積み,149,6,失敗
6積み,150,6,失敗
6積み,151,9,成功
6積み,152,9,成功
6積み,153,9,成功
6積み,154,9,成功
6積み,155,9,成功
6積み,156,9,成功
6積み,157,6,失敗
6積み,158,6,失敗
6積み,159,6,失敗
6積み,160,6,失敗
6積み,161,9,成功
6積み,162,6,失敗
6積み,163,9,成功
6積み,164,6,失敗
6積み,165,9,成功
6積み,166,9,成功
6積み,167,6,失敗
6積み,168,9,成功
6積み,169,9,成功
6積み,170,9,成功
6積み,171,6,失敗
6積み,172,9,成功
6積み,173,9,成功
6積み,174,6,失敗
6積み,175,6,失敗
6積み,176,6,失敗
6積み,177,9,成功
6積み,178,9,成功
6積み,179,9,成功
6積み,180,9,成功
6積み,181,9,成功
6積み,182,9,成功
6積み,183,6,失敗
6積み,184,6,失敗
6積み,185,6,失敗
6積み,186,6,失敗
6積み,187,9,成功
6積み,188,9,成功
6積み,189,6,失敗
6積み,190,9,成功
6積み,191,9,成功
6積み,192,6,失敗
6積み,193,9,成功
6積み,194,9,成功
6積み,195,6,失敗
6積み,196,6,失敗
6積み,197,9,成功
6積み,198,6,失敗
6積み,199,9,成功
6積み,200,9,成功
6積み,201,9,成功
6積み,202,9,成功
6積み,203,6,失敗
6積み,204,6,失敗
6積み,205,9,成功
6積み,206,9,成功
6積み,207,9,成功
6積み,208,9,成功
6積み,209,9,成功
6積み,210,9,成功
6積み,211,9,成功
6積み,212,9,成功
6積み,213,9,成功
6積み,214,6,失敗
6積み,215,6,失敗
6積み,216,9,成功
6積み,217,9,成功
6積み,218,9,成功
6積み,219,9,成功
6積み,220,6,失敗
6積み,221,6,失敗
6積み,222,9,成功
6積み,223,6,失敗
6積み,224,9,成功
6積み,225,6,失敗
6積み,226,9,成功
6積み,227,9,成功
6積み,228,9,成功
6積み,229,6,失敗
6積み,230,9,成功
6積み,231,6,失敗
6積み,232,6,失敗
6積み,233,6,失敗
6積み,234,9,成功
6積み,235,6,失敗
6積み,236,9,成功
6積み,237,9,成功
6積み,238,9,成功
6積み,239,9,成功
6積み,240,9,成功
6積み,241,9,成功
6積み,242,9,成功
6積み,243,9,成功
6積み,244,9,成功
6積み,245,9,成功
6積み,246,9,成功
6積み,247,6,失敗
6積み,248,9,成功
6積み,249,9,成功
6積み,250,6,失敗
6積み,251,6,失敗
6積み,252,9,成功
6積み,253,6,失敗
6積み,254,6,失敗
6積み,255,6,失敗
6積み,256,9,成功
6積み,257,9,成功
6積み,258,6,失敗
6積み,259,6,失敗
6積み,260,9,成功
6積み,261,9,成功
6積み,262,6,失敗
6積み,263,9,成功
6積み,264,6,失敗
6積み,265,9,成功
6積み,266,9,成功
6積み,267,9,成功
6積み,268,6,失敗
6積み,269,6,失敗
6積み,270,9,成功
6積み,271,6,失敗
6積み,272,6,失敗
6積み,273,6,失敗
6積み,274,9,成功
6積み,275,6,失敗
6積み,276,6,失敗
6積み,277,6,失敗
6積み,278,9,成功
6積み,279,9,成功
6積み,280,9,成功
6積み,281,9,成功
6積み,282,6,失敗
6積み,283,6,失敗
6積み,284,6,失敗
6積み,285,9,成功
6積み,286,9,成功
6積み,287,6,失敗
6積み,288,6,失敗
6積み,289,9,成功
6積み,290,6,失敗
6積み,291,6,失敗
6積み,292,6,失敗
6積み,293,6,失敗
6積み,294,9,成功
6積み,295,9,成功
6積み,296,9,成功
6積み,297,9,成功
6積み,298,9,成功
6積み,299,6,失敗
6積み,300,9,成功
6積み,301,9,成功
6積み,302,6,失敗
6積み,303,6,失敗
6積み,304,6,失敗
6積み,305,6,失敗
6積み,306,9,成功
6積み,307,9,成功
6積み,308,9,成功
6積み,309,6,失敗
6積み,310,6,失敗
6積み,311,6,失敗
6積み,312,6,失敗
6積み,313,9,成功
6積み,314,9,成功
6積み,315,6,失敗
6積み,316,6,失敗
6積み,317,6,失敗
6積み,318,9,成功
6積み,319,6,失敗
6積み,320,9,成功
6積み,321,6,失敗
6積み,322,9,成功
6積み,323,6,失敗
6積み,324,9,成功
6積み,325,9,成功
6積み,326,6,失敗
6積み,327,9,成功
6積み,328,9,成功
6積み,329,6,失敗
6積み,330,6,失敗
6積み,331,9,成功
6積み,332,9,成功
6積み,333,6,失敗
6積み,334,9,成功
6積み,335,9,成功
6積み,336,9,成功
6積み,337,9,成功
6積み,338,6,失敗
6積み,339,9,成功
6積み,340,9,成功
6積み,341,9,成功
6積み,342,6,失敗
6積み,343,6,失敗
6積み,344,9,成功
6積み,345,6,失敗
6積み,346,6,失敗
6積み,347,6,失敗
6積み,348,6,失敗
6積み,349,6,失敗
6積み,350,6,失敗
6積み,351,6,失敗
6積み,352,6,失敗
6積み,353,9,成功
6積み,354,9,成功
6積み,355,9,成功
6積み,356,9,成功
6積み,357,6,失敗
6積み,358,9,成功
6積み,359,6,失敗
6積み,360,9,成功
6積み,361,9,成功
6積み,362,9,成功
6積み,363,9,成功
6積み,364,9,成功
6積み,365,9,成功
6積み,366,9,成功
6積み,367,6,失敗
6積み,368,9,成功
6積み,369,9,成功
6積み,370,6,失敗
6積み,371,9,成功
6積み,372,9,成功
6積み,373,6,失敗
6積み,374,9,成功
6積み,375,6,失敗
6積み,376,6,失敗
6積み,377,6,失敗
6積み,378,9,成功
6積み,379,9,成功
6積み,380,6,失敗
6積み,381,9,成功
6積み,382,6,失敗
6積み,383,6,失敗
6積み,384,6,失敗
6積み,385,6,失敗
6積み,386,6,失敗
6積み,387,6,失敗
6積み,388,6,失敗
6積み,389,9,成功
6積み,390,9,成功
6積み,391,9,成功
6積み,392,9,成功
6積み,393,6,失敗
6積み,394,6,失敗
6積み,395,6,失敗
6積み,396,9,成功
6積み,397,9,成功
6積み,398,9,成功
6積み,399,9,成功
6積み,400,6,失敗
6積み,401,6,失敗
6積み,402,9,成功
6積み,403,6,失敗
6積み,404,9,成功
6積み,405,9,成功
6積み,406,6,失敗
6積み,407,9,成功
6積み,408,6,失敗
6積み,409,9,成功
6積み,410,9,成功
6積み,411,9,成功
6積み,412,6,失敗
6積み,413,6,失敗
6積み,414,9,成功
6積み,415,6,失敗
6積み,416,9,成功
6積み,417,6,失敗
6積み,418,9,成功
6積み,419,9,成功
6積み,420,9,成功
6積み,421,9,成功
6積み,422,6,失敗
6積み,423,6,失敗
6積み,424,6,失敗
6積み,425,9,成功
6積み,426,9,成功
6積み,427,9,成功
6積み,428,6,失敗
6積み,429,9,成功
6積み,430,9,成功
6積み,431,9,成功
6積み,432,6,失敗
6積み,433,9,成功
6積み,434,9,成功
6積み,435,9,成功
6積み,436,9,成功
6積み,437,6,失敗
6積み,438,9,成功
6積み,439,6,失敗
6積み,440,6,失敗
6積み,441,9,成功
6積み,442,9,成功
6積み,443,9,成功
6積み,444,9,成功
6積み,445,9,成功
6積み,446,9,成功
6積み,447,9,成功
6積み,448,6,失敗
6積み,449,9,成功
6積み,450,9,成功
6積み,451,9,成功
6積み,452,6,失敗
6積み,453,9,成功
6積み,454,6,失敗
6積み,455,9,成功
6積み,456,6,失敗
6積み,457,9,成功
6積み,458,9,成功
6積み,459,6,失敗
6積み,460,6,失敗
6積み,461,6,失敗
6積み,462,9,成功
6積み,463,9,成功
6積み,464,9,成功
6積み,465,9,成功
6積み,466,9,成功
6積み,467,9,成功
6積み,468,9,成功
6積み,469,9,成功
6積み,470,6,失敗
6積み,471,9,成功
6積み,472,6,失敗
6積み,473,6,失敗
6積み,474,9,成功
6積み,475,6,失敗
6積み,476,9,成功
6積み,477,9,成功
6積み,478,9,成功
6積み,479,6,失敗
6積み,480,6,失敗
6積み,481,9,成功
6積み,482,9,成功
6積み,483,9,成功
6積み,484,6,失敗
6積み,485,6,失敗
6積み,486,6,失敗
6積み,487,9,成功
6積み,488,9,成功
6積み,489,9,成功
6積み,490,9,成功
6積み,491,9,成功
6積み,492,6,失敗
6積み,493,9,成功
6積み,494,6,失敗
6積み,495,6,失敗
6積み,496,9,成功
6積み,497,6,失敗
6積み,498,9,成功
6積み,499,9,成功
6積み,500,9,成功
6積み,501,6,失敗
6積み,502,9,成功
6積み,503,6,失敗
6積み,504,9,成功
6積み,505,6,失敗
6積み,506,9,成功
6積み,507,6,失敗
6積み,508,6,失敗
6積み,509,9,成功
6積み,510,9,成功
6積み,511,9,成功
6積み,512,9,成功
6積み,513,9,成功
6積み,514,9,成功
6積み,515,9,成功
6積み,516,6,失敗
6積み,517,6,失敗
6積み,518,6,失敗
6積み,519,6,失敗
6積み,520,6,失敗
6積み,521,9,成功
6積み,522,6,失敗
6積み,523,6,失敗
6積み,524,9,成功
6積み,525,9,成功
6積み,526,9,成功
6積み,527,6,失敗
6積み,528,6,失敗
6積み,529,6,失敗
6積み,530,6,失敗
6積み,531,6,失敗
6積み,532,6,失敗
6積み,533,6,失敗
6積み,534,9,成功
6積み,535,9,成功
6積み,536,9,成功
6積み,537,9,成功
6積み,538,6,失敗
6積み,539,9,成功
6積み,540,6,失敗
6積み,541,9,成功
6積み,542,6,失敗
6積み,543,6,失敗
6積み,544,6,失敗
6積み,545,6,失敗
6積み,546,6,失敗
6積み,547,9,成功
6積み,548,6,失敗
6積み,549,6,失敗
6積み,550,6,失敗
6積み,551,9,成功
6積み,552,6,失敗
6積み,553,9,成功
6積み,554,9,成功
6積み,555,6,失敗
6積み,556,6,失敗
6積み,557,6,失敗
6積み,558,9,成功
6積み,559,9,成功
6積み,560,9,成功
6積み,561,9,成功
6積み,562,6,失敗
6積み,563,9,成功
6積み,564,9,成功
6積み,565,6,失敗
6積み,566,9,成功
6積み,567,6,失敗
6積み,568,6,失敗
6積み,569,9,成功
6積み,570,9,成功
6積み,571,9,成功
6積み,572,9,成功
6積み,573,9,成功
6積み,574,9,成功
6積み,575,9,成功
6積み,576,9,成功
6積み,577,9,成功
6積み,578,9,成功
6積み,579,6,失敗
6積み,580,6,失敗
6積み,581,6,失敗
6積み,582,9,成功
6積み,583,9,成功
6積み,584,6,失敗
6積み,585,9,成功
6積み,586,6,失敗
6積み,587,9,成功
6積み,588,6,失敗
6積み,589,9,成功
6積み,590,9,成功
6積み,591,6,失敗
6積み,592,9,成功
6積み,593,9,成功
6積み,594,9,成功
6積み,595,9,成功
6積み,596,9,成功
6積み,597,6,失敗
6積み,598,9,成功
6積み,599,9,成功
6積み,600,6,失敗
6積み,601,9,成功
6積み,602,9,成功
6積み,603,6,失敗
6積み,604,6,失敗
6積み,605,9,成功
6積み,606,9,成功
6積み,607,6,失敗
6積み,608,6,失敗
6積み,609,6,失敗
6積み,610,9,成功
6積み,611,9,成功
6積み,612,9,成功
6積み,613,6,失敗
6積み,614,9,成功
6積み,615,6,失敗
6積み,616,9,成功
6積み,617,9,成功
6積み,618,9,成功
6積み,619,9,成功
6積み,620,6,失敗
6積み,621,9,成功
6積み,622,9,成功
6積み,623,6,失敗
6積み,624,9,成功
6積み,625,6,失敗
6積み,626,9,成功
6積み,627,6,失敗
6積み,628,9,成功
6積み,629,9,成功
6積み,630,6,失敗
6積み,631,9,成功
6積み,632,9,成功
6積み,633,9,成功
6積み,634,9,成功
6積み,635,9,成功
6積み,636,6,失敗
6積み,637,6,失敗
6積み,638,6,失敗
6積み,639,6,失敗
6積み,640,6,失敗
6積み,641,9,成功
6積み,642,6,失敗
6積み,643,9,成功
6積み,644,6,失敗
6積み,645,6,失敗
6積み,646,9,成功
6積み,647,9,成功
6積み,648,6,失敗
6積み,649,9,成功
6積み,650,9,成功
6積み,651,9,成功
6積み,652,9,成功
6積み,653,6,失敗
6積み,654,6,失敗
6積み,655,6,失敗
6積み,656,6,失敗
6積み,657,6,失敗
6積み,658,9,成功
6積み,659,6,失敗
6積み,660,6,失敗
6積み,661,9,成功
6積み,662,9,成功
6積み,663,9,成功
6積み,664,9,成功
6積み,665,9,成功
6積み,666,6,失敗
6積み,667,6,失敗
6積み,668,9,成功
6積み,669,9,成功
6積み,670,6,失敗
6積み,671,6,失敗
6積み,672,9,成功
6積み,673,6,失敗
6積み,674,6,失敗
6積み,675,6,失敗
6積み,676,6,失敗
6積み,677,9,成功
6積み,678,6,失敗
6積み,679,9,成功
6積み,680,6,失敗
6積み,681,6,失敗
6積み,682,9,成功
6積み,683,6,失敗
6積み,684,6,失敗
6積み,685,9,成功
6積み,686,9,成功
6積み,687,9,成功
6積み,688,9,成功
6積み,689,6,失敗
6積み,690,9,成功
6積み,691,6,失敗
6積み,692,9,成功
6積み,693,6,失敗
6積み,694,6,失敗
6積み,695,9,成功
6積み,696,9,成功
6積み,697,6,失敗
6積み,698,6,失敗
6積み,699,6,失敗
6積み,700,9,成功
6積み,701,9,成功
6積み,702,9,成功
6積み,703,9,成功
6積み,704,9,成功
6積み,705,9,成功
6積み,706,9,成功
6積み,707,9,成功
6積み,708,9,成功
6積み,709,6,失敗
6積み,710,6,失敗
6積み,711,6,失敗
6積み,712,6,失敗
6積み,713,6,失敗
6積み,714,9,成功
6積み,715,6,失敗
6積み,716,6,失敗
6積み,717,9,成功
6積み,718,6,失敗
6積み,719,9,成功
6積み,720,9,成功
6積み,721,6,失敗
6積み,722,9,成功
6積み,723,9,成功
6積み,724,6,失敗
6積み,725,9,成功
6積み,726,9,成功
6積み,727,9,成功
6積み,728,6,失敗
6積み,729,9,成功
6積み,730,9,成功
6積み,731,9,成功
6積み,732,9,成功
6積み,733,6,失敗
6積み,734,9,成功
6積み,735,9,成功
6積み,736,6,失敗
6積み,737,9,成功
6積み,738,6,失敗
6積み,739,6,失敗
6積み,740,9,成功
6積み,741,6,失敗
6積み,742,9,成功
6積み,743,9,成功
6積み,744,9,成功
6積み,745,9,成功
6積み,746,9,成功
6積み,747,6,失敗
6積み,748,9,成功
6積み,749,9,成功
6積み,750,6,失敗
6積み,751,6,失敗
6積み,752,9,成功
6積み,753,9,成功
6積み,754,6,失敗
6積み,755,6,失敗
6積み,756,9,成功
6積み,757,9,成功
6積み,758,6,失敗
6積み,759,6,失敗
6積み,760,9,成功
6積み,761,9,成功
6積み,762,6,失敗
6積み,763,6,失敗
6積み,764,9,成功
6積み,765,6,失敗
6積み,766,9,成功
6積み,767,9,成功
6積み,768,9,成功
6積み,769,9,成功
6積み,770,6,失敗
6積み,771,9,成功
6積み,772,9,成功
6積み,773,6,失敗
6積み,774,9,成功
6積み,775,6,失敗
6積み,776,9,成功
6積み,777,9,成功
6積み,778,6,失敗
6積み,779,9,成功
6積み,780,9,成功
6積み,781,9,成功
6積み,782,6,失敗
6積み,783,9,成功
6積み,784,9,成功
6積み,785,6,失敗
6積み,786,6,失敗
6積み,787,6,失敗
6積み,788,9,成功
6積み,789,9,成功
6積み,790,6,失敗
6積み,791,9,成功
6積み,792,6,失敗
6積み,793,6,失敗
6積み,794,9,成功
6積み,795,9,成功
6積み,796,9,成功
6積み,797,9,成功
6積み,798,9,成功
6積み,799,9,成功
6積み,800,6,失敗
6積み,801,9,成功
6積み,802,9,成功
6積み,803,9,成功
6積み,804,9,成功
6積み,805,6,失敗
6積み,806,9,成功
6積み,807,6,失敗
6積み,808,9,成功
6積み,809,6,失敗
6積み,810,6,失敗
6積み,811,9,成功
6積み,812,9,成功
6積み,813,9,成功
6積み,814,9,成功
6積み,815,6,失敗
6積み,816,9,成功
6積み,817,6,失敗
6積み,818,9,成功
6積み,819,9,成功
6積み,820,9,成功
6積み,821,9,成功
6積み,822,9,成功
6積み,823,9,成功
6積み,824,6,失敗
6積み,825,6,失敗
6積み,826,6,失敗
6積み,827,6,失敗
6積み,828,9,成功
6積み,829,6,失敗
6積み,830,6,失敗
6積み,831,9,成功
6積み,832,9,成功
6積み,833,9,成功
6積み,834,9,成功
6積み,835,6,失敗
6積み,836,6,失敗
6積み,837,9,成功
6積み,838,9,成功
6積み,839,9,成功
6積み,840,9,成功
6積み,841,9,成功
6積み,842,6,失敗
6積み,843,6,失敗
6積み,844,6,失敗
6積み,845,6,失敗
6積み,846,9,成功
6積み,847,9,成功
6積み,848,9,成功
6積み,849,9,成功
6積み,850,9,成功
6積み,851,9,成功
6積み,852,9,成功
6積み,853,9,成功
6積み,854,9,成功
6積み,855,6,失敗
6積み,856,9,成功
6積み,857,9,成功
6積み,858,6,失敗
6積み,859,9,成功
6積み,860,6,失敗
6積み,861,9,成功
6積み,862,6,失敗
6積み,863,6,失敗
6積み,864,6,失敗
6積み,865,6,失敗
6積み,866,6,失敗
6積み,867,6,失敗
6積み,868,9,成功
6積み,869,6,失敗
6積み,870,6,失敗
6積み,871,9,成功
6積み,872,9,成功
6積み,873,6,失敗
6積み,874,9,成功
6積み,875,6,失敗
6積み,876,6,失敗
6積み,877,9,成功
6積み,878,6,失敗
6積み,879,9,成功
6積み,880,9,成功
6積み,881,9,成功
6積み,882,9,成功
6積み,883,6,失敗
6積み,884,9,成功
6積み,885,9,成功
6積み,886,9,成功
6積み,887,9,成功
6積み,888,6,失敗
6積み,889,6,失敗
6積み,890,6,失敗
6積み,891,9,成功
6積み,892,6,失敗
6積み,893,6,失敗
6積み,894,9,成功
6積み,895,9,成功
6積み,896,6,失敗
6積み,897,9,成功
6積み,898,6,失敗
6積み,899,9,成功
6積み,900,9,成功
6積み,901,9,成功
6積み,902,9,成功
6積み,903,6,失敗
6積み,904,9,成功
6積み,905,6,失敗
6積み,906,9,成功
6積み,907,9,成功
6積み,908,9,成功
6積み,909,9,成功
6積み,910,9,成功
6積み,911,9,成功
6積み,912,9,成功
6積み,913,6,失敗
6積み,914,9,成功
6積み,915,9,成功
6積み,916,9,成功
6積み,917,9,成功
6積み,918,6,失敗
6積み,919,9,成功
6積み,920,9,成功
6積み,921,6,失敗
6積み,922,6,失敗
6積み,923,9,成功
6積み,924,6,失敗
6積み,925,9,成功
6積み,926,9,成功
6積み,927,9,成功
6積み,928,9,成功
6積み,929,6,失敗
6積み,930,6,失敗
6積み,931,6,失敗
6積み,932,9,成功
6積み,933,6,失敗
6積み,934,9,成功
6積み,935,6,失敗
6積み,936,6,失敗
6積み,937,9,成功
6積み,938,6,失敗
6積み,939,6,失敗
6積み,940,6,失敗
6積み,941,9,成功
6積み,942,6,失敗
6積み,943,9,成功
6積み,944,9,成功
6積み,945,6,失敗
6積み,946,6,失敗
6積み,947,9,成功
6積み,948,9,成功
6積み,949,9,成功
6積み,950,6,失敗
6積み,951,9,成功
6積み,952,6,失敗
6積み,953,9,成功
6積み,954,9,成功
6積み,955,6,失敗
6積み,956,9,成功
6積み,957,9,成功
6積み,958,9,成功
6積み,959,6,失敗
6積み,960,6,失敗
6積み,961,9,成功
6積み,962,9,成功
6積み,963,6,失敗
6積み,964,9,成功
6積み,965,9,成功
6積み,966,9,成功
6積み,967,6,失敗
6積み,968,9,成功
6積み,969,6,失敗
6積み,970,9,成功
6積み,971,9,成功
6積み,972,6,失敗
6積み,973,9,成功
6積み,974,9,成功
6積み,975,9,成功
6積み,976,9,成功
6積み,977,6,失敗
6積み,978,9,成功
6積み,979,9,成功
6積み,980,9,成功
6積み,981,9,成功
6積み,982,9,成功
6積み,983,6,失敗
6積み,984,9,成功
6積み,985,9,成功
6積み,986,6,失敗
6積み,987,6,失敗
6積み,988,9,成功
6積み,989,6,失敗
6積み,990,6,失敗
6積み,991,9,成功
6積み,992,9,成功
6積み,993,9,成功
6積み,994,9,成功
6積み,995,6,失敗
6積み,996,6,失敗
6積み,997,9,成功
6積み,998,6,失敗
6積み,999,9,成功
6積み,1000,9,成功